L1_SDR;;;;;;;
01/09/2025 00:00;08/09/2025 00:00;;;;;;
12061 Atacad√£o Bangu;;;;;;;
elielton.polityto;;;;;;;
 ;CPCO 11 - Eco2Pack L1 - Master - Cam Congelados - CC01;CPCO 11 - Eco2Pack L1 - Master - Cam Congelados - CC01;CPCO 11 - Eco2Pack L1 - Master - Cam Congelados - CC01;CPCO 11 - Eco2Pack L1 - Master - Cam Congelados - CC01;CPCO 11 - Eco2Pack L1 - Master - Cam Congelados - CC01;CPCO 11 - Eco2Pack L1 - Master - Cam Congelados - CC01;
 ;Temp ambiente;Comp;Degelo;Temp evap;SH;Temp succao; 
2025-09-01 00:00:00.0;-15,3;1;0;-34;18,8;-15,3;
2025-09-01 00:05:00.0;-15,3;1;0;-34,1;18,8;-15,3;
2025-09-01 00:10:00.0;-15,3;1;0;-33,9;18,6;-15,3;
2025-09-01 00:15:00.0;-15,3;1;0;-34,1;18,8;-15,3;
2025-09-01 00:20:00.0;-15,3;1;0;-34;18,7;-15,3;
2025-09-01 00:25:00.0;-15,3;1;0;-34;18,7;-15,3;
2025-09-01 00:30:00.0;-15,3;1;0;-34;18,7;-15,3;
2025-09-01 00:35:00.0;-15,3;1;0;-34;18,7;-15,3;
2025-09-01 00:40:00.0;-15,3;1;0;-34;18,7;-15,3;
2025-09-01 00:45:00.0;-15,2;1;0;-34;18,8;-15,2;
2025-09-01 00:50:00.0;-15,2;1;0;-33,9;18,7;-15,2;
2025-09-01 00:55:00.0;-15,2;1;0;-33,9;18,6;-15,2;
2025-09-01 01:00:00.0;-15,3;1;0;-34,1;18,9;-15,2;
2025-09-01 01:05:00.0;-15,2;1;0;-33,9;18,7;-15,2;
2025-09-01 01:10:00.0;-15,2;1;0;-34,1;18,9;-15,2;
2025-09-01 01:15:00.0;-15,2;1;0;-33,9;18,7;-15,2;
2025-09-01 01:20:00.0;-15,2;1;0;-34,1;18,9;-15,2;
2025-09-01 01:25:00.0;-15,2;1;0;-34;18,8;-15,2;
2025-09-01 01:30:00.0;-15,2;1;0;-34;18,9;-15,2;
2025-09-01 01:35:00.0;-15,1;1;0;-33,9;18,7;-15,1;
2025-09-01 01:40:00.0;-15,2;1;0;-34;18,9;-15,1;
2025-09-01 01:45:00.0;-15,1;1;0;-34,1;19;-15,1;
2025-09-01 01:50:00.0;-15,2;1;0;-33,9;18,8;-15,1;
2025-09-01 01:55:00.0;-15,1;1;0;-34;18,9;-15,1;
2025-09-01 02:00:00.0;-15,1;1;0;-33,9;18,8;-15,1;
2025-09-01 02:05:00.0;-15,1;1;0;-34;18,9;-15,1;
2025-09-01 02:10:00.0;-15,1;1;0;-34;19;-15,1;
2025-09-01 02:15:00.0;-15,1;1;0;-33,9;18,9;-15;
2025-09-01 02:20:00.0;-15,1;1;0;-33,9;18,9;-15;
2025-09-01 02:25:00.0;-15;1;0;-34,1;19,1;-15;
2025-09-01 02:30:00.0;-15;1;0;-34,1;19,1;-15;
2025-09-01 02:35:00.0;-15;1;0;-33,9;18,9;-15;
2025-09-01 02:40:00.0;-14,9;1;0;-34,1;19,2;-14,9;
2025-09-01 02:45:00.0;-14,9;1;0;-33,9;19;-14,9;
2025-09-01 02:50:00.0;-14,9;1;0;-34,1;19,2;-14,9;
2025-09-01 02:55:00.0;-14,9;1;0;-34;19,1;-14,9;
2025-09-01 03:00:00.0;-14,9;1;0;-34;19,1;-14,9;
2025-09-01 03:05:00.0;-14,9;1;0;-33,9;19,1;-14,8;
2025-09-01 03:10:00.0;-14,8;1;0;-34;19,2;-14,8;
2025-09-01 03:15:00.0;-14,8;1;0;-34,1;19,3;-14,8;
2025-09-01 03:20:00.0;-14,8;1;0;-33,9;19,1;-14,8;
2025-09-01 03:25:00.0;-14,8;1;0;-33,9;19,2;-14,8;
2025-09-01 03:30:00.0;-14,7;1;0;-34;19,3;-14,7;
2025-09-01 03:35:00.0;-14,7;1;0;-34,1;19,4;-14,7;
2025-09-01 03:40:00.0;-14,6;1;0;-34;19,4;-14,6;
2025-09-01 03:45:00.0;-14,3;1;0;-33,9;19,7;-14,2;
2025-09-01 03:50:00.0;-14,4;1;0;-34;19,6;-14,4;
2025-09-01 03:55:00.0;-14,1;1;0;-33,9;19,9;-14,1;
2025-09-01 04:00:00.0;-14,3;1;0;-34,1;19,9;-14,2;
2025-09-01 04:05:00.0;-14,3;1;0;-33,9;19,6;-14,3;
2025-09-01 04:10:00.0;-14,3;1;0;-33,9;19,6;-14,3;
2025-09-01 04:15:00.0;-14,2;1;0;-34;19,8;-14,2;
2025-09-01 04:20:00.0;-13,9;1;0;-33,9;20,1;-13,8;
2025-09-01 04:25:00.0;-14;1;0;-34;20,2;-13,9;
2025-09-01 04:30:00.0;-14,1;1;0;-34,1;20,1;-14;
2025-09-01 04:35:00.0;-14;1;0;-34;20,1;-14;
2025-09-01 04:40:00.0;-13,8;1;0;-33,9;20,2;-13,7;
2025-09-01 04:45:00.0;-13,9;1;0;-34;20,2;-13,8;
2025-09-01 04:50:00.0;-14;1;0;-34;20,2;-13,9;
2025-09-01 04:55:00.0;-13,6;1;0;-34;20,4;-13,6;
2025-09-01 05:00:00.0;-13,3;1;0;-34;20,8;-13,2;
2025-09-01 05:05:00.0;-13,1;1;0;-34,1;21,2;-13;
2025-09-01 05:10:00.0;-12,9;1;0;-33,9;21,2;-12,8;
2025-09-01 05:15:00.0;-12,7;1;0;-34;21,4;-12,6;
2025-09-01 05:20:00.0;-12,4;1;0;-34,1;21,8;-12,3;
2025-09-01 05:25:00.0;-11,9;1;0;-34;22,2;-11,7;
2025-09-01 05:30:00.0;-11,6;1;0;-34;22,7;-11,3;
2025-09-01 05:35:00.0;-11,3;1;0;-34;22,9;-11;
2025-09-01 05:40:00.0;-11,1;1;0;-33,9;22,9;-11;
2025-09-01 05:45:00.0;-12,5;1;0;-34,1;21,9;-12,2;
2025-09-01 05:50:00.0;-13,2;1;0;-34,1;21,1;-13;
2025-09-01 05:55:00.0;-13,7;1;0;-34,1;20,5;-13,5;
2025-09-01 06:00:00.0;-14,1;1;0;-34;20,1;-13,9;
2025-09-01 06:05:00.0;-14,4;1;0;-34;19,8;-14,2;
2025-09-01 06:10:00.0;-14,7;1;0;-34;19,4;-14,6;
2025-09-01 06:15:00.0;-14,8;1;0;-34,1;19,4;-14,7;
2025-09-01 06:20:00.0;-15;1;0;-33,9;19;-14,9;
2025-09-01 06:25:00.0;-15,1;1;0;-34,1;19,1;-15;
2025-09-01 06:30:00.0;-15,2;1;0;-34;18,9;-15,1;
2025-09-01 06:35:00.0;-15,3;1;0;-34;18,8;-15,2;
2025-09-01 06:40:00.0;-15,4;1;0;-33,9;18,6;-15,3;
2025-09-01 06:45:00.0;-15,4;1;0;-34,1;18,8;-15,3;
2025-09-01 06:50:00.0;-15,5;1;0;-34,1;18,8;-15,3;
2025-09-01 06:55:00.0;-15,5;1;0;-33,9;18,5;-15,4;
2025-09-01 07:00:00.0;-15,6;1;0;-34;18,5;-15,5;
2025-09-01 07:05:00.0;-15,6;1;0;-34,1;18,6;-15,5;
2025-09-01 07:10:00.0;-15,6;1;0;-34,1;18,6;-15,5;
2025-09-01 07:15:00.0;-15,6;1;0;-34;18,4;-15,6;
2025-09-01 07:20:00.0;-15,7;1;0;-34,1;18,5;-15,6;
2025-09-01 07:25:00.0;-15;1;0;-33,9;18,8;-15,1;
2025-09-01 07:30:00.0;-15,3;1;0;-34;18,9;-15,1;
2025-09-01 07:35:00.0;-15,4;1;0;-33,9;18,6;-15,3;
2025-09-01 07:40:00.0;-15,5;1;0;-33,8;18,5;-15,4;
2025-09-01 07:45:00.0;-15,5;1;0;-34;18,6;-15,4;
2025-09-01 07:50:00.0;-15,6;1;0;-34,2;18,7;-15,5;
2025-09-01 07:55:00.0;-14,2;1;0;-33,9;19,2;-14,7;
2025-09-01 08:00:00.0;-12,9;1;0;-33,9;20,9;-13;
2025-09-01 08:05:00.0;-13,5;1;0;-34,1;20,9;-13,2;
2025-09-01 08:10:00.0;-13,5;1;1;-38,6;25;-13,6;
2025-09-01 08:15:00.0;-12,7;0;1;-35,8;23;-12,8;
2025-09-01 08:20:00.0;-12;0;1;-34,7;23,3;-11,4;
2025-09-01 08:25:00.0;-11,6;0;1;-34;24,7;-9,4;
2025-09-01 08:30:00.0;-10,9;0;1;-32,7;24,7;-8;
2025-09-01 08:35:00.0;-9,7;0;1;-34,4;27,4;-7;
2025-09-01 08:40:00.0;-8,7;0;1;-32,7;27;-5,8;
2025-09-01 08:45:00.0;-8,5;0;1;-34,2;29,3;-5;
2025-09-01 08:50:00.0;-7,7;0;1;-32,7;29,2;-3,6;
2025-09-01 08:55:00.0;-7,6;0;1;-28;27,5;-0,6;
2025-09-01 09:00:00.0;-8,5;1;0;-34,1;26,8;-7,3;
2025-09-01 09:05:00.0;-8,1;1;0;-34;25,7;-8,3;
2025-09-01 09:10:00.0;-7,8;1;0;-33,9;25,9;-8;
2025-09-01 09:15:00.0;-7,6;1;0;-34;26,3;-7,7;
2025-09-01 09:20:00.0;-7,2;1;0;-34;26,6;-7,5;
2025-09-01 09:25:00.0;-7,2;1;0;-34;26,6;-7,4;
2025-09-01 09:30:00.0;-6,4;1;0;-34;27,2;-6,8;
2025-09-01 09:35:00.0;-5,8;1;0;-33,9;27,7;-6,2;
2025-09-01 09:40:00.0;-6,2;1;0;-34;27,5;-6,4;
2025-09-01 09:45:00.0;-6,4;1;0;-34;27,4;-6,6;
2025-09-01 09:50:00.0;-8,4;1;0;-34,1;26,1;-8;
2025-09-01 09:55:00.0;-9,5;1;0;-34,1;24,9;-9,2;
2025-09-01 10:00:00.0;-10,4;1;0;-34;23,8;-10,2;
2025-09-01 10:05:00.0;-11,1;1;0;-34,1;23,3;-10,8;
2025-09-01 10:10:00.0;-11,4;1;0;-34,1;22,9;-11,2;
2025-09-01 10:15:00.0;-12;1;0;-34,1;22,3;-11,8;
2025-09-01 10:20:00.0;-12,6;1;0;-34;21,6;-12,4;
2025-09-01 10:25:00.0;-12,9;1;0;-33,9;21,1;-12,8;
2025-09-01 10:30:00.0;-13,2;1;0;-33,9;20,9;-13;
2025-09-01 10:35:00.0;-13,4;1;0;-34,1;20,8;-13,2;
2025-09-01 10:40:00.0;-13,6;1;0;-34;20,5;-13,5;
2025-09-01 10:45:00.0;-13,8;1;0;-33,9;20,2;-13,7;
2025-09-01 10:50:00.0;-13,5;1;0;-33,9;20,5;-13,4;
2025-09-01 10:55:00.0;-13,7;1;0;-34,1;20,5;-13,6;
2025-09-01 11:00:00.0;-12,5;1;0;-34;21,2;-12,8;
2025-09-01 11:05:00.0;-11,7;1;0;-34;22,3;-11,7;
2025-09-01 11:10:00.0;-12;1;0;-34;22,3;-11,7;
2025-09-01 11:15:00.0;-12,7;1;0;-34;21,6;-12,4;
2025-09-01 11:20:00.0;-13,1;1;0;-34,2;21,2;-12,9;
2025-09-01 11:25:00.0;-13,4;1;0;-33,9;20,7;-13,3;
2025-09-01 11:30:00.0;-13,8;1;0;-34;20,4;-13,6;
2025-09-01 11:35:00.0;-13,9;1;0;-34;20,2;-13,8;
2025-09-01 11:40:00.0;-14,1;1;0;-34;20;-14;
2025-09-01 11:45:00.0;-14;1;0;-33,8;19,8;-14;
2025-09-01 11:50:00.0;-11,7;1;0;-33,9;21,7;-12,2;
2025-09-01 11:55:00.0;-9,8;1;0;-33,9;23,5;-10,4;
2025-09-01 12:00:00.0;-8,6;1;0;-33,9;24,6;-9,3;
2025-09-01 12:05:00.0;-8,3;1;0;-33,9;25,4;-8,5;
2025-09-01 12:10:00.0;-7,9;1;0;-33,9;25,7;-8,2;
2025-09-01 12:15:00.0;-9,1;1;0;-34;25;-9;
2025-09-01 12:20:00.0;-9,3;1;0;-33,9;24,7;-9,2;
2025-09-01 12:25:00.0;-9,5;1;0;-34;24,6;-9,3;
2025-09-01 12:30:00.0;-9,4;1;0;-34;24,7;-9,3;
2025-09-01 12:35:00.0;-9,6;1;0;-34,1;24,8;-9,4;
2025-09-01 12:40:00.0;-11,2;1;0;-34;23,1;-10,9;
2025-09-01 12:45:00.0;-11,9;1;0;-34,1;22,4;-11,6;
2025-09-01 12:50:00.0;-12,4;1;0;-34;21,8;-12,2;
2025-09-01 12:55:00.0;-12,7;1;0;-34,1;21,5;-12,6;
2025-09-01 13:00:00.0;-12,9;1;0;-34;21,2;-12,8;
2025-09-01 13:05:00.0;-13,2;1;0;-34;21;-13;
2025-09-01 13:10:00.0;-13,4;1;0;-33,9;20,7;-13,3;
2025-09-01 13:15:00.0;-13,6;1;0;-33,9;20,4;-13,5;
2025-09-01 13:20:00.0;-13,7;1;0;-34;20,4;-13,6;
2025-09-01 13:25:00.0;-12,4;1;0;-33,9;21,4;-12,5;
2025-09-01 13:30:00.0;-12,5;1;0;-33,9;21,7;-12,2;
2025-09-01 13:35:00.0;-13;1;0;-34,1;21,3;-12,8;
2025-09-01 13:40:00.0;-12;1;0;-34,1;22;-12,1;
2025-09-01 13:45:00.0;-12,8;1;0;-34,1;21,4;-12,7;
2025-09-01 13:50:00.0;-13,2;1;0;-34,1;21;-13,1;
2025-09-01 13:55:00.0;-13,5;1;0;-34;20,7;-13,4;
2025-09-01 14:00:00.0;-13,7;1;0;-30;16,6;-13,4;
2025-09-01 14:05:00.0;-13,7;1;0;-30,1;16,5;-13,6;
2025-09-01 14:10:00.0;-13,8;1;0;-30,1;16,4;-13,7;
2025-09-01 14:15:00.0;-13,9;1;0;-30,1;16,3;-13,8;
2025-09-01 14:20:00.0;-14;1;0;-30,1;16,2;-13,9;
2025-09-01 14:25:00.0;-14,1;1;0;-29,9;16;-13,9;
2025-09-01 14:30:00.0;-14,1;1;0;-30,1;16,1;-14;
2025-09-01 14:35:00.0;-14,1;1;0;-30;16;-14,1;
2025-09-01 14:40:00.0;-14,2;1;0;-29,9;15,8;-14,1;
2025-09-01 14:45:00.0;-14,2;1;0;-30;15,9;-14,1;
2025-09-01 14:50:00.0;-14,3;1;0;-30;15,9;-14,2;
2025-09-01 14:55:00.0;-12,5;1;0;-29,9;17,2;-12,8;
2025-09-01 15:00:00.0;-13;1;0;-30,1;17,4;-12,8;
2025-09-01 15:05:00.0;-13,4;1;0;-30;16,8;-13,2;
2025-09-01 15:10:00.0;-13,7;1;0;-30,1;16,6;-13,5;
2025-09-01 15:15:00.0;-13,7;1;0;-30,1;16,4;-13,7;
2025-09-01 15:20:00.0;-13,8;1;0;-29,9;16,3;-13,6;
2025-09-01 15:25:00.0;-13,9;1;0;-30;16,2;-13,8;
2025-09-01 15:30:00.0;-13,6;1;0;-30,1;16,6;-13,5;
2025-09-01 15:35:00.0;-13,7;1;0;-30;16,4;-13,5;
2025-09-01 15:40:00.0;-12,1;1;0;-29,9;17,6;-12,3;
2025-09-01 15:45:00.0;-11,4;1;0;-30,1;18,7;-11,5;
2025-09-01 15:50:00.0;-11,2;1;0;-29,9;18,9;-11;
2025-09-01 15:55:00.0;-11;1;0;-29,9;19,1;-10,8;
2025-09-01 16:00:00.0;-11,4;1;0;-30;19;-11;
2025-09-01 16:05:00.0;-12,3;1;0;-30;17,9;-12;
2025-09-01 16:10:00.0;-10,2;1;0;-29,9;19,1;-10,8;
2025-09-01 16:15:00.0;-9;1;0;-29,9;20,5;-9,4;
2025-09-01 16:20:00.0;-9,7;1;0;-30,1;20,5;-9,5;
2025-09-01 16:25:00.0;-9,6;1;0;-29,9;20,5;-9,4;
2025-09-01 16:30:00.0;-9,4;1;0;-30;20,7;-9,3;
2025-09-01 16:35:00.0;-9,1;1;0;-30;20,9;-9,1;
2025-09-01 16:40:00.0;-9;1;0;-29,9;21;-8,9;
2025-09-01 16:45:00.0;-8,8;1;0;-30;21,3;-8,7;
2025-09-01 16:50:00.0;-8,5;1;0;-29,9;21,4;-8,5;
2025-09-01 16:55:00.0;-8,5;1;0;-30;21,6;-8,4;
2025-09-01 17:00:00.0;-8,9;1;0;-30;21,4;-8,5;
2025-09-01 17:05:00.0;-10;1;0;-30,1;20,4;-9,7;
2025-09-01 17:10:00.0;-11;1;0;-30;19,2;-10,8;
2025-09-01 17:15:00.0;-11,5;1;0;-30;18,7;-11,3;
2025-09-01 17:20:00.0;-11,9;1;0;-29,9;18,2;-11,7;
2025-09-01 17:25:00.0;-12,2;1;0;-30,1;18,1;-12;
2025-09-01 17:30:00.0;-12,4;1;0;-30;17,8;-12,3;
2025-09-01 17:35:00.0;-12,6;1;0;-29,9;17,5;-12,5;
2025-09-01 17:40:00.0;-12,5;1;0;-31,4;18,9;-12,5;
2025-09-01 17:45:00.0;-11,9;1;0;-30,1;18,2;-11,9;
2025-09-01 17:50:00.0;-12,5;1;0;-30;17,7;-12,3;
2025-09-01 17:55:00.0;-12,8;1;0;-30;17,4;-12,6;
2025-09-01 18:00:00.0;-13;1;0;-29,9;17,1;-12,8;
2025-09-01 18:05:00.0;-13,1;1;0;-30,1;17,1;-13;
2025-09-01 18:10:00.0;-13,2;1;0;-29,9;16,8;-13,1;
2025-09-01 18:15:00.0;-13,4;1;0;-30;16,7;-13,2;
2025-09-01 18:20:00.0;-13,4;1;0;-30;16,7;-13,3;
2025-09-01 18:25:00.0;-13,5;1;0;-30;16,6;-13,4;
2025-09-01 18:30:00.0;-13,6;1;0;-30;16,6;-13,5;
2025-09-01 18:35:00.0;-13,3;1;0;-29,9;16,7;-13,2;
2025-09-01 18:40:00.0;-13,5;1;0;-30;16,6;-13,4;
2025-09-01 18:45:00.0;-13,4;1;0;-30;16,7;-13,3;
2025-09-01 18:50:00.0;-13;1;0;-29,9;16,7;-13,3;
2025-09-01 18:55:00.0;-12,9;1;0;-30;17,3;-12,7;
2025-09-01 19:00:00.0;-13,2;1;0;-29,9;16,8;-13,1;
2025-09-01 19:05:00.0;-13,4;1;0;-30;16,7;-13,3;
2025-09-01 19:10:00.0;-13,5;1;0;-29,9;16,5;-13,4;
2025-09-01 19:15:00.0;-13,6;1;0;-30;16,5;-13,5;
2025-09-01 19:20:00.0;-13,7;1;0;-29,9;16,3;-13,6;
2025-09-01 19:25:00.0;-13,8;1;0;-30;16,3;-13,7;
2025-09-01 19:30:00.0;-13,8;1;0;-30;16,3;-13,7;
2025-09-01 19:35:00.0;-13,8;1;0;-30;16,3;-13,8;
2025-09-01 19:40:00.0;-13,4;1;0;-29,9;16,5;-13,4;
2025-09-01 19:45:00.0;-12,3;1;0;-29,9;17,6;-12,4;
2025-09-01 19:50:00.0;-11,2;1;0;-29,9;18,9;-11;
2025-09-01 19:55:00.0;-11;1;0;-29,9;19,1;-10,8;
2025-09-01 20:00:00.0;-10,5;1;0;-30;19,6;-10,4;
2025-09-01 20:05:00.0;-10,2;1;0;-29,9;19,9;-10;
2025-09-01 20:10:00.0;-9,9;1;0;-29,9;20,2;-9,7;
2025-09-01 20:15:00.0;-8,8;1;0;-30;20,8;-9,2;
2025-09-01 20:20:00.0;-8,8;1;0;-30,1;21,4;-8,7;
2025-09-01 20:25:00.0;-8,7;1;0;-30;21,4;-8,7;
2025-09-01 20:30:00.0;-9,6;1;0;-30,1;20,9;-9,1;
2025-09-01 20:35:00.0;-10,6;1;0;-30;19,7;-10,3;
2025-09-01 20:40:00.0;-11,2;1;0;-30,1;19,1;-11;
2025-09-01 20:45:00.0;-11,7;1;0;-29,9;18,4;-11,5;
2025-09-01 20:50:00.0;-12,3;1;0;-30,1;18;-12,1;
2025-09-01 20:55:00.0;-12,2;1;0;-35,2;22,9;-12,3;
2025-09-01 21:00:00.0;-11,8;1;0;-30,1;18,3;-11,9;
2025-09-01 21:05:00.0;-11,5;1;0;-30,1;18,7;-11,4;
2025-09-01 21:10:00.0;-12;1;0;-29,1;17,3;-11,7;
2025-09-01 21:15:00.0;-11,7;1;0;-29,4;17,8;-11,7;
2025-09-01 21:20:00.0;-11,7;1;0;-29,9;18,4;-11,5;
2025-09-01 21:25:00.0;-12,2;1;0;-33,5;21,2;-12,2;
2025-09-01 21:30:00.0;-11,7;1;0;-30;18,3;-11,7;
2025-09-01 21:35:00.0;-12,2;1;0;-30;18,1;-11,9;
2025-09-01 21:40:00.0;-12,5;1;0;-30,1;17,8;-12,3;
2025-09-01 21:45:00.0;-12,9;1;0;-30;17,2;-12,8;
2025-09-01 21:50:00.0;-13,1;1;0;-30;17;-13;
2025-09-01 21:55:00.0;-13,2;1;0;-30;16,9;-13,1;
2025-09-01 22:00:00.0;-13,4;1;0;-30;16,8;-13,2;
2025-09-01 22:05:00.0;-13,4;1;0;-30;16,6;-13,3;
2025-09-01 22:10:00.0;-13,6;1;0;-30;16,5;-13,5;
2025-09-01 22:15:00.0;-13,2;1;0;-29,9;16,8;-13,1;
2025-09-01 22:20:00.0;-13,4;1;0;-30;16,8;-13,3;
2025-09-01 22:25:00.0;-13,3;1;0;-30,1;16,7;-13,4;
2025-09-01 22:30:00.0;-13,1;1;0;-30;17;-13;
2025-09-01 22:35:00.0;-13,4;1;0;-30;16,7;-13,3;
2025-09-01 22:40:00.0;-13,5;1;0;-30;16,6;-13,4;
2025-09-01 22:45:00.0;-13,6;1;0;-30;16,5;-13,5;
2025-09-01 22:50:00.0;-13,7;1;0;-30;16,4;-13,6;
2025-09-01 22:55:00.0;-13,8;1;0;-30;16,3;-13,7;
2025-09-01 23:00:00.0;-13,9;1;0;-30;16,3;-13,8;
2025-09-01 23:05:00.0;-13,9;1;0;-30,1;16,3;-13,8;
2025-09-01 23:10:00.0;-14;1;0;-30;16,1;-13,9;
2025-09-01 23:15:00.0;-14;1;0;-30;16,1;-13,9;
2025-09-01 23:20:00.0;-14;1;0;-30;16,1;-14;
2025-09-01 23:25:00.0;-14,1;1;0;-30;16;-14;
2025-09-01 23:30:00.0;-14,1;1;0;-30;16;-14;
2025-09-01 23:35:00.0;-14,2;1;0;-30;16;-14,1;
2025-09-01 23:40:00.0;-14,2;1;0;-30,1;15,9;-14,1;
2025-09-01 23:45:00.0;-14,2;1;0;-30,1;15,9;-14,1;
2025-09-01 23:50:00.0;-14,2;1;0;-30,1;15,9;-14,1;
2025-09-01 23:55:00.0;-14,4;1;0;-30,1;15,9;-14,2;
2025-09-02 00:00:00.0;-13,4;1;0;-29,9;16,5;-13,4;
2025-09-02 00:05:00.0;-12,6;1;0;-30,1;17,5;-12,5;
2025-09-02 00:10:00.0;-12;1;0;-30,1;18,1;-12;
2025-09-02 00:15:00.0;-11,5;1;0;-30;18,6;-11,4;
2025-09-02 00:20:00.0;-11;1;0;-30,1;19,2;-10,9;
2025-09-02 00:25:00.0;-10,4;1;0;-30;19,7;-10,3;
2025-09-02 00:30:00.0;-10,1;1;0;-30;19,9;-10,1;
2025-09-02 00:35:00.0;-9,9;1;0;-29,9;20,2;-9,8;
2025-09-02 00:40:00.0;-9,7;1;0;-30,1;20,5;-9,6;
2025-09-02 00:45:00.0;-9,3;1;0;-29,9;20,6;-9,4;
2025-09-02 00:50:00.0;-10,9;1;0;-30;19,4;-10,6;
2025-09-02 00:55:00.0;-11,6;1;0;-30;18,6;-11,4;
2025-09-02 01:00:00.0;-12,1;1;0;-29,9;18;-11,9;
2025-09-02 01:05:00.0;-12,5;1;0;-30;17,7;-12,3;
2025-09-02 01:10:00.0;-12,7;1;0;-30;17,4;-12,6;
2025-09-02 01:15:00.0;-13,1;1;0;-30,1;17,1;-12,9;
2025-09-02 01:20:00.0;-13,2;1;0;-30,1;17;-13,1;
2025-09-02 01:25:00.0;-13,4;1;0;-30;16,8;-13,2;
2025-09-02 01:30:00.0;-13,5;1;0;-30;16,7;-13,3;
2025-09-02 01:35:00.0;-13,6;1;0;-30,1;16,6;-13,5;
2025-09-02 01:40:00.0;-13,7;1;0;-30;16,4;-13,6;
2025-09-02 01:45:00.0;-13,8;1;0;-30;16,4;-13,6;
2025-09-02 01:50:00.0;-13,8;1;0;-30;16,3;-13,7;
2025-09-02 01:55:00.0;-13,9;1;0;-30,1;16,3;-13,8;
2025-09-02 02:00:00.0;-13,9;1;0;-30,1;16,2;-13,8;
2025-09-02 02:05:00.0;-14;1;0;-30,1;16,2;-13,9;
2025-09-02 02:10:00.0;-14;1;0;-30,1;16,1;-13,9;
2025-09-02 02:15:00.0;-14,1;1;0;-30,1;16,1;-14;
2025-09-02 02:20:00.0;-14,2;1;0;-30;16;-14,1;
2025-09-02 02:25:00.0;-14,2;1;0;-30;15,9;-14,1;
2025-09-02 02:30:00.0;-14,2;1;0;-30;15,9;-14,1;
2025-09-02 02:35:00.0;-14,2;1;0;-30;15,9;-14,1;
2025-09-02 02:40:00.0;-14,3;1;0;-30;15,9;-14,2;
2025-09-02 02:45:00.0;-14,3;1;0;-30;15,8;-14,2;
2025-09-02 02:50:00.0;-14,3;1;0;-30,1;15,9;-14,2;
2025-09-02 02:55:00.0;-14,3;1;0;-30,1;15,8;-14,2;
2025-09-02 03:00:00.0;-14,4;1;0;-30,1;15,8;-14,3;
2025-09-02 03:05:00.0;-14,4;1;0;-30,1;15,8;-14,3;
2025-09-02 03:10:00.0;-14,4;1;0;-30,1;15,8;-14,3;
2025-09-02 03:15:00.0;-14,5;1;0;-30,1;15,7;-14,4;
2025-09-02 03:20:00.0;-14,5;1;0;-30;15,7;-14,4;
2025-09-02 03:25:00.0;-14,5;1;0;-30;15,6;-14,4;
2025-09-02 03:30:00.0;-14,5;1;0;-30;15,6;-14,4;
2025-09-02 03:35:00.0;-14,5;1;0;-30;15,6;-14,4;
2025-09-02 03:40:00.0;-14,6;1;0;-30;15,6;-14,5;
2025-09-02 03:45:00.0;-14,5;1;0;-30;15,6;-14,5;
2025-09-02 03:50:00.0;-14,6;1;0;-30,1;15,5;-14,5;
2025-09-02 03:55:00.0;-14,6;1;0;-30,1;15,5;-14,5;
2025-09-02 04:00:00.0;-14,6;1;0;-30,1;15,5;-14,5;
2025-09-02 04:05:00.0;-14,6;1;0;-30,1;15,5;-14,5;
2025-09-02 04:10:00.0;-14,4;1;0;-29,9;15,6;-14,4;
2025-09-02 04:15:00.0;-14,1;1;0;-30;15,9;-14;
2025-09-02 04:20:00.0;-14;1;0;-29,9;16;-13,9;
2025-09-02 04:25:00.0;-13,9;1;0;-29,9;16,1;-13,8;
2025-09-02 04:30:00.0;-13,8;1;0;-30;16,2;-13,8;
2025-09-02 04:35:00.0;-13,8;1;0;-30;16,3;-13,7;
2025-09-02 04:40:00.0;-13,7;1;0;-30;16,3;-13,6;
2025-09-02 04:45:00.0;-13,7;1;0;-29,9;16,4;-13,6;
2025-09-02 04:50:00.0;-13,7;1;0;-29,9;16,4;-13,6;
2025-09-02 04:55:00.0;-13,6;1;0;-30;16,5;-13,5;
2025-09-02 05:00:00.0;-13,3;1;0;-29,9;16,6;-13,4;
2025-09-02 05:05:00.0;-12,9;1;0;-29,9;17,1;-12,8;
2025-09-02 05:10:00.0;-12,5;1;0;-30;17,6;-12,4;
2025-09-02 05:15:00.0;-12;1;0;-29,9;18;-11,9;
2025-09-02 05:20:00.0;-11,5;1;0;-30,1;18,7;-11,4;
2025-09-02 05:25:00.0;-10,9;1;0;-29,9;19,2;-10,7;
2025-09-02 05:30:00.0;-10,5;1;0;-30;19,6;-10,4;
2025-09-02 05:35:00.0;-10,3;1;0;-30;19,8;-10,2;
2025-09-02 05:40:00.0;-10;1;0;-30;20,1;-9,9;
2025-09-02 05:45:00.0;-9,7;1;0;-29,9;20,3;-9,6;
2025-09-02 05:50:00.0;-10,1;1;0;-30;20,3;-9,7;
2025-09-02 05:55:00.0;-11,1;1;0;-29,9;19,1;-10,8;
2025-09-02 06:00:00.0;---;---;---;---;---;---;
2025-09-02 06:05:00.0;-12,5;---;0;-30,1;17,8;-12,3;
2025-09-02 06:10:00.0;-12,8;1;0;-30;17,4;-12,6;
2025-09-02 06:15:00.0;-13;1;0;-30,1;17,2;-12,9;
2025-09-02 06:20:00.0;-13,2;1;0;-30,1;16,9;-13,1;
2025-09-02 06:25:00.0;-13,4;1;0;-30,1;16,8;-13,3;
2025-09-02 06:30:00.0;-13,6;1;0;-30;16,6;-13,5;
2025-09-02 06:35:00.0;-13,7;1;0;-30;16,4;-13,6;
2025-09-02 06:40:00.0;-13,8;1;0;-30,1;16,4;-13,7;
2025-09-02 06:45:00.0;-13,9;1;0;-30,1;16,3;-13,8;
2025-09-02 06:50:00.0;-14;1;0;-30;16,2;-13,9;
2025-09-02 06:55:00.0;-14,1;1;0;-30;16,1;-14;
2025-09-02 07:00:00.0;-14,1;1;0;-30;16;-14;
2025-09-02 07:05:00.0;-14,2;1;0;-30,1;16;-14,1;
2025-09-02 07:10:00.0;-14,2;1;0;-30,1;15,9;-14,1;
2025-09-02 07:15:00.0;-14,3;1;0;-30;15,8;-14,2;
2025-09-02 07:20:00.0;-14,3;1;0;-30;15,8;-14,2;
2025-09-02 07:25:00.0;-14,4;1;0;-30;15,7;-14,3;
2025-09-02 07:30:00.0;-14,4;1;0;-30;15,7;-14,3;
2025-09-02 07:35:00.0;-12,4;1;0;-30,1;17,4;-12,7;
2025-09-02 07:40:00.0;-13,2;1;0;-30;17,1;-12,9;
2025-09-02 07:45:00.0;-13,5;1;0;-29,9;16,6;-13,3;
2025-09-02 07:50:00.0;-13,7;1;0;-30;16,4;-13,6;
2025-09-02 07:55:00.0;-13,9;1;0;-30;16,2;-13,8;
2025-09-02 08:00:00.0;-14,1;1;0;-30,1;16,1;-14;
2025-09-02 08:05:00.0;-14,2;1;0;-30,1;16;-14,1;
2025-09-02 08:10:00.0;-12,5;1;0;-30,1;17,5;-12,5;
2025-09-02 08:15:00.0;-13,1;1;0;-30;17,1;-12,9;
2025-09-02 08:20:00.0;-12,7;1;0;-30,1;17,3;-12,8;
2025-09-02 08:25:00.0;-13,2;1;0;-30;17,1;-13;
2025-09-02 08:30:00.0;-12,1;1;0;-30;17,6;-12,4;
2025-09-02 08:35:00.0;-11,9;1;0;-29,9;18;-11,9;
2025-09-02 08:40:00.0;-11,4;1;0;-29,9;18,5;-11,4;
2025-09-02 08:45:00.0;-10,2;1;0;-30;19,8;-10,2;
2025-09-02 08:50:00.0;-10,2;1;0;-30;19,9;-10,1;
2025-09-02 08:55:00.0;-9,9;1;0;-29,9;20,2;-9,7;
2025-09-02 09:00:00.0;-8,1;1;0;-29,9;21,1;-8,9;
2025-09-02 09:05:00.0;-7;1;0;-29,9;22,4;-7,5;
2025-09-02 09:10:00.0;-7,3;1;0;-30;22,4;-7,7;
2025-09-02 09:15:00.0;-8,1;1;0;-30;22,1;-7,9;
2025-09-02 09:20:00.0;-9;1;0;-30;21,3;-8,6;
2025-09-02 09:25:00.0;-10,2;1;0;-30,1;20,2;-9,9;
2025-09-02 09:30:00.0;-11,2;1;0;-30;19;-10,9;
2025-09-02 09:35:00.0;-11,6;1;0;-30,1;18,7;-11,4;
2025-09-02 09:40:00.0;-12;1;0;-30;18,2;-11,8;
2025-09-02 09:45:00.0;-11,2;1;0;-30,5;18,9;-11,6;
2025-09-02 09:50:00.0;-11,3;1;0;-30;19;-11;
2025-09-02 09:55:00.0;-11;1;0;-30;19,1;-11;
2025-09-02 10:00:00.0;-11,4;1;0;-29,9;18,8;-11,1;
2025-09-02 10:05:00.0;-11,8;1;0;-29,1;17,5;-11,6;
2025-09-02 10:10:00.0;-9,5;1;0;-29,8;20,1;-9,7;
2025-09-02 10:15:00.0;-9,9;1;0;-30;20,2;-9,8;
2025-09-02 10:20:00.0;-9,7;1;0;-29,9;20,4;-9,5;
2025-09-02 10:25:00.0;-10,4;1;0;-30,1;20,1;-10;
2025-09-02 10:30:00.0;-10,1;1;0;-29,9;19,8;-10,1;
2025-09-02 10:35:00.0;-9,9;1;0;-29,9;20,2;-9,7;
2025-09-02 10:40:00.0;-9,8;1;0;-29,9;20,3;-9,7;
2025-09-02 10:45:00.0;-9,8;1;0;-30,1;20,4;-9,6;
2025-09-02 10:50:00.0;-10;1;0;-30;20,2;-9,8;
2025-09-02 10:55:00.0;-9,8;1;0;-29,9;20,2;-9,7;
2025-09-02 11:00:00.0;-9,5;1;0;-30,1;20,7;-9,4;
2025-09-02 11:05:00.0;-9,4;1;0;-29,9;20,7;-9,3;
2025-09-02 11:10:00.0;-7,4;1;0;-30;22;-8;
2025-09-02 11:15:00.0;-6,6;1;0;-30;22,9;-7,1;
2025-09-02 11:20:00.0;-6,3;1;0;-29,9;23,3;-6,6;
2025-09-02 11:25:00.0;-5,8;1;0;-30;23,9;-6,1;
2025-09-02 11:30:00.0;-6,5;1;0;-30;23,7;-6,3;
2025-09-02 11:35:00.0;-7,1;1;0;-29,9;22,9;-7;
2025-09-02 11:40:00.0;-7,3;1;0;-29,9;22,7;-7,2;
2025-09-02 11:45:00.0;-7,6;1;0;-29,9;22,5;-7,4;
2025-09-02 11:50:00.0;-8,4;1;0;-30,1;22;-8,1;
2025-09-02 11:55:00.0;-9,5;1;0;-30;20,8;-9,2;
2025-09-02 12:00:00.0;-10,2;1;0;-30;20;-10;
2025-09-02 12:05:00.0;-10,7;1;0;-30,1;19,6;-10,5;
2025-09-02 12:10:00.0;-11,1;1;0;-31,1;20,2;-10,9;
2025-09-02 12:15:00.0;-10,7;1;0;-29,9;19,2;-10,7;
2025-09-02 12:20:00.0;-10,2;1;0;-30;19,7;-10,3;
2025-09-02 12:25:00.0;-10,6;1;0;-29,9;19,6;-10,3;
2025-09-02 12:30:00.0;-11;1;0;-30,1;19,2;-10,8;
2025-09-02 12:35:00.0;-11,5;1;0;-30;18,7;-11,3;
2025-09-02 12:40:00.0;-11,8;1;0;-30,1;18,5;-11,6;
2025-09-02 12:45:00.0;-12;1;0;-30;18,2;-11,8;
2025-09-02 12:50:00.0;-12,2;1;0;-30,1;18;-12,1;
2025-09-02 12:55:00.0;-12,3;1;0;-30;17,8;-12,2;
2025-09-02 13:00:00.0;-11,1;1;0;-29,9;18,6;-11,4;
2025-09-02 13:05:00.0;-10,4;1;0;-29,9;19,5;-10,4;
2025-09-02 13:10:00.0;-10,1;1;0;-30;19,9;-10,1;
2025-09-02 13:15:00.0;-10,6;1;0;-29,9;19,4;-10,5;
2025-09-02 13:20:00.0;-10,4;1;0;-30;19,7;-10,2;
2025-09-02 13:25:00.0;-10,2;1;0;-29,9;19,8;-10,1;
2025-09-02 13:30:00.0;-9,2;1;0;-29,9;20,3;-9,6;
2025-09-02 13:35:00.0;-7,7;1;0;-30,1;22,1;-8;
2025-09-02 13:40:00.0;-7,2;1;0;-29,9;22,4;-7,5;
2025-09-02 13:45:00.0;-6,8;1;0;-30;23;-7;
2025-09-02 13:50:00.0;-6,7;1;0;-29,9;23,2;-6,7;
2025-09-02 13:55:00.0;-7,4;1;0;-30;22,7;-7,3;
2025-09-02 14:00:00.0;-7,5;1;0;-30;22,6;-7,5;
2025-09-02 14:05:00.0;-5,9;1;0;-30;23,7;-6,3;
2025-09-02 14:10:00.0;-6,9;1;0;-29,9;23,2;-6,8;
2025-09-02 14:15:00.0;-6,4;1;0;-29,9;23,2;-6,8;
2025-09-02 14:20:00.0;-6,4;1;0;-30;23,8;-6,2;
2025-09-02 14:25:00.0;-7,7;1;0;-29,9;22,6;-7,3;
2025-09-02 14:30:00.0;-8,9;1;0;-29,9;21,4;-8,5;
2025-09-02 14:35:00.0;-9,7;1;0;-30;20,6;-9,4;
2025-09-02 14:40:00.0;-10,2;1;0;-30;20;-10;
2025-09-02 14:45:00.0;-10,8;1;0;-30;19,4;-10,6;
2025-09-02 14:50:00.0;-11,1;1;0;-30;19,1;-10,9;
2025-09-02 14:55:00.0;-11,4;1;0;-30;18,8;-11,2;
2025-09-02 15:00:00.0;-11,6;1;0;-30;18,6;-11,4;
2025-09-02 15:05:00.0;-11,1;1;0;-29,9;19;-10,9;
2025-09-02 15:10:00.0;-10,3;1;0;-30,1;19,8;-10,3;
2025-09-02 15:15:00.0;-9,9;1;0;-30;20,1;-9,9;
2025-09-02 15:20:00.0;-9,7;1;0;-30;20,3;-9,6;
2025-09-02 15:25:00.0;-9,5;1;0;-29,9;20,5;-9,4;
2025-09-02 15:30:00.0;-9,4;1;0;-30,1;20,9;-9,2;
2025-09-02 15:35:00.0;-9,6;1;0;-30;20,7;-9,3;
2025-09-02 15:40:00.0;-10,3;1;0;-30,1;20;-10,1;
2025-09-02 15:45:00.0;-10,8;1;0;-30;19,4;-10,6;
2025-09-02 15:50:00.0;-10,9;1;0;-30;19,2;-10,8;
2025-09-02 15:55:00.0;-11,4;1;0;-30;18,7;-11,2;
2025-09-02 16:00:00.0;-10,9;1;0;-29,9;19,1;-10,9;
2025-09-02 16:05:00.0;-11,3;1;0;-30;18,8;-11,2;
2025-09-02 16:10:00.0;-10,7;1;0;-30,1;19,4;-10,7;
2025-09-02 16:15:00.0;-10,2;1;0;-30;19,9;-10,1;
2025-09-02 16:20:00.0;-9,7;1;0;-30;20,4;-9,6;
2025-09-02 16:25:00.0;-9;1;0;-29,9;20,9;-9,1;
2025-09-02 16:30:00.0;-7,5;1;0;-30;22,2;-7,8;
2025-09-02 16:35:00.0;-8;1;0;-29,9;22,1;-7,9;
2025-09-02 16:40:00.0;-7,9;1;0;-30,1;22,3;-7,8;
2025-09-02 16:45:00.0;-7,8;1;0;-30,1;22,3;-7,7;
2025-09-02 16:50:00.0;-7,7;1;0;-29,9;22,3;-7,7;
2025-09-02 16:55:00.0;-7,8;1;0;-29,9;22,2;-7,7;
2025-09-02 17:00:00.0;-8,9;1;0;-29,9;21,4;-8,6;
2025-09-02 17:05:00.0;-10,1;1;0;-30,1;20,2;-9,8;
2025-09-02 17:10:00.0;-10,5;1;0;-30;19,7;-10,3;
2025-09-02 17:15:00.0;-10,8;1;0;-30;19,3;-10,7;
2025-09-02 17:20:00.0;-11,1;1;0;-30,1;19,1;-11;
2025-09-02 17:25:00.0;-11,5;1;0;-30,1;18,8;-11,3;
2025-09-02 17:30:00.0;-11,7;1;0;-30;18,5;-11,5;
2025-09-02 17:35:00.0;-11,8;1;0;-30,1;18,4;-11,7;
2025-09-02 17:40:00.0;-11,9;1;0;-29,8;18,1;-11,8;
2025-09-02 17:45:00.0;-11,3;1;0;-29,7;18,3;-11,4;
2025-09-02 17:50:00.0;-11,3;1;0;-30,1;18,9;-11,1;
2025-09-02 17:55:00.0;-10,5;1;0;-30;19,2;-10,8;
2025-09-02 18:00:00.0;-9,7;1;0;-30;20,2;-9,8;
2025-09-02 18:05:00.0;-9,4;1;0;-30;20,7;-9,3;
2025-09-02 18:10:00.0;-10;1;0;-30;20,4;-9,6;
2025-09-02 18:15:00.0;-10,5;1;0;-30,1;19,8;-10,3;
2025-09-02 18:20:00.0;-11;1;0;-30;19,2;-10,8;
2025-09-02 18:25:00.0;-11,4;1;0;-30,1;18,8;-11,2;
2025-09-02 18:30:00.0;-11,6;1;0;-30;18,5;-11,5;
2025-09-02 18:35:00.0;-11,8;1;0;-30;18,4;-11,7;
2025-09-02 18:40:00.0;-11,9;1;0;-30;18,2;-11,8;
2025-09-02 18:45:00.0;-12;1;0;-30;18,1;-11,9;
2025-09-02 18:50:00.0;-12,2;1;0;-30;17,9;-12,1;
2025-09-02 18:55:00.0;-12,3;1;0;-30;17,9;-12,2;
2025-09-02 19:00:00.0;-12,4;1;0;-30;17,8;-12,2;
2025-09-02 19:05:00.0;-11,7;1;0;-29,9;18,2;-11,8;
2025-09-02 19:10:00.0;-11,2;1;0;-30,1;18,9;-11,2;
2025-09-02 19:15:00.0;-10,5;1;0;-29,9;19,5;-10,4;
2025-09-02 19:20:00.0;-9,9;1;0;-29,9;20;-9,9;
2025-09-02 19:25:00.0;-9,6;1;0;-29,9;20,5;-9,4;
2025-09-02 19:30:00.0;-9,1;1;0;-29,9;20,9;-9;
2025-09-02 19:35:00.0;-8,6;1;0;-30;21,4;-8,6;
2025-09-02 19:40:00.0;-8,3;1;0;-29,9;21,7;-8,3;
2025-09-02 19:45:00.0;-8,1;1;0;-30;21,9;-8,1;
2025-09-02 19:50:00.0;-7,9;1;0;-30;22,1;-7,9;
2025-09-02 19:55:00.0;-7,9;1;0;-30;22,4;-7,7;
2025-09-02 20:00:00.0;-9,4;1;0;-30;20,9;-9,1;
2025-09-02 20:05:00.0;---;1;---;---;---;---;
2025-09-02 20:10:00.0;-9,6;---;0;-29,8;20,3;-9,4;
2025-09-02 20:15:00.0;-9,7;1;0;-30,1;20,6;-9,5;
2025-09-02 20:20:00.0;-10,4;1;0;-30;19,8;-10,2;
2025-09-02 20:25:00.0;-10,8;1;0;-30;19,4;-10,6;
2025-09-02 20:30:00.0;-10,5;1;0;-30;19,4;-10,6;
2025-09-02 20:35:00.0;-10,1;1;0;-30,1;20;-10,1;
2025-09-02 20:40:00.0;-10,5;1;0;-29,9;19,7;-10,3;
2025-09-02 20:45:00.0;-10,9;1;0;-30,1;19,4;-10,7;
2025-09-02 20:50:00.0;-11,2;1;0;-30;19;-11,1;
2025-09-02 20:55:00.0;-11,5;1;0;-30,1;18,7;-11,4;
2025-09-02 21:00:00.0;-11,5;1;0;-30;18,5;-11,5;
2025-09-02 21:05:00.0;-11,8;1;0;-30,1;18,4;-11,7;
2025-09-02 21:10:00.0;-11,3;1;0;-30;18,6;-11,4;
2025-09-02 21:15:00.0;-10,5;1;0;-30;19,4;-10,6;
2025-09-02 21:20:00.0;-11,1;1;0;-30;19,1;-10,9;
2025-09-02 21:25:00.0;-11,4;1;0;-30;18,7;-11,3;
2025-09-02 21:30:00.0;-11,7;1;0;-30,1;18,5;-11,5;
2025-09-02 21:35:00.0;-11,8;1;0;-30;18,3;-11,7;
2025-09-02 21:40:00.0;-12;1;0;-30,1;18,1;-11,9;
2025-09-02 21:45:00.0;-10,7;1;0;-30,1;19,2;-10,9;
2025-09-02 21:50:00.0;-10,3;1;0;-30,1;19,8;-10,3;
2025-09-02 21:55:00.0;-10;1;0;-30;20;-10;
2025-09-02 22:00:00.0;-9,9;1;0;-30;20,2;-9,8;
2025-09-02 22:05:00.0;-9,6;1;0;-29,9;20,4;-9,5;
2025-09-02 22:10:00.0;-9,2;1;0;-29,9;20,9;-9;
2025-09-02 22:15:00.0;-8,8;1;0;-29,9;21,2;-8,7;
2025-09-02 22:20:00.0;-8,5;1;0;-30;21,6;-8,4;
2025-09-02 22:25:00.0;-8,1;1;0;-30;21,9;-8,1;
2025-09-02 22:30:00.0;-7,9;1;0;-29,9;22;-7,9;
2025-09-02 22:35:00.0;-7,8;1;0;-30;22,3;-7,7;
2025-09-02 22:40:00.0;-7,7;1;0;-30;22,4;-7,6;
2025-09-02 22:45:00.0;-7,5;1;0;-30;22,5;-7,5;
2025-09-02 22:50:00.0;-9,2;1;0;-29,9;21,1;-8,9;
2025-09-02 22:55:00.0;-9,7;1;0;-30;20,5;-9,5;
2025-09-02 23:00:00.0;-10,3;1;0;-30,1;20;-10,1;
2025-09-02 23:05:00.0;-10,5;1;0;-30;19,7;-10,4;
2025-09-02 23:10:00.0;-11,1;1;0;-30,1;19,2;-10,9;
2025-09-02 23:15:00.0;-11,3;1;0;-30;18,9;-11,2;
2025-09-02 23:20:00.0;-11,6;1;0;-30,1;18,7;-11,4;
2025-09-02 23:25:00.0;-11,7;1;0;-30;18,4;-11,6;
2025-09-02 23:30:00.0;-11,8;1;0;-30,1;18,4;-11,7;
2025-09-02 23:35:00.0;-12;1;0;-30;18,1;-11,9;
2025-09-02 23:40:00.0;-12,1;1;0;-30;18;-12;
2025-09-02 23:45:00.0;-12,2;1;0;-30,1;18;-12,1;
2025-09-02 23:50:00.0;-12,2;0;0;-27,2;15,2;-12;
2025-09-02 23:55:00.0;-12,3;1;0;-29,9;17,7;-12,2;
2025-09-03 00:00:00.0;-12,4;1;0;-30;17,7;-12,3;
2025-09-03 00:05:00.0;-12,5;0;0;-27,2;14,9;-12,2;
2025-09-03 00:10:00.0;-12,6;0;0;-32,1;19,6;-12,5;
2025-09-03 00:15:00.0;-12,6;1;0;-30;17,5;-12,5;
2025-09-03 00:20:00.0;-12,7;1;0;-28,5;16;-12,5;
2025-09-03 00:25:00.0;-12,7;0;0;-26,6;14,1;-12,5;
2025-09-03 00:30:00.0;-12,8;1;0;-29,7;17,1;-12,6;
2025-09-03 00:35:00.0;-12,8;1;0;-30;17,3;-12,7;
2025-09-03 00:40:00.0;-12,9;1;0;-27,2;14,6;-12,6;
2025-09-03 00:45:00.0;-12,9;0;0;-30;17,2;-12,7;
2025-09-03 00:50:00.0;-12,9;1;0;-29,9;17,1;-12,8;
2025-09-03 00:55:00.0;-13;1;0;-30;17,1;-12,9;
2025-09-03 01:00:00.0;-13;0;0;-27,2;14,5;-12,7;
2025-09-03 01:05:00.0;-13;1;0;-30;17;-13;
2025-09-03 01:10:00.0;-13,1;1;0;-30;17;-13;
2025-09-03 01:15:00.0;-13,1;0;0;-27,2;14,4;-12,8;
2025-09-03 01:20:00.0;-13,1;0;0;-31;18;-13;
2025-09-03 01:25:00.0;-13,1;1;0;-30;16,9;-13,1;
2025-09-03 01:30:00.0;-13,2;1;0;-28,5;15,5;-13;
2025-09-03 01:35:00.0;-13,2;0;0;-30,4;17,4;-13,1;
2025-09-03 01:40:00.0;-13,2;1;0;-29,8;16,7;-13,1;
2025-09-03 01:45:00.0;-13,2;1;0;-30;16,9;-13,1;
2025-09-03 01:50:00.0;-13,2;1;0;-27,2;14,2;-13;
2025-09-03 01:55:00.0;-13,3;1;0;-29,7;16,5;-13,1;
2025-09-03 02:00:00.0;-13,3;1;0;-30;16,8;-13,2;
2025-09-03 02:05:00.0;-13,3;1;0;-28,5;15,4;-13,2;
2025-09-03 02:10:00.0;-13,3;0;0;-31;17,7;-13,2;
2025-09-03 02:15:00.0;-13,3;1;0;-29,9;16,7;-13,2;
2025-09-03 02:20:00.0;-13,3;1;0;-30;16,8;-13,3;
2025-09-03 02:25:00.0;-13,4;0;0;-27,2;14,1;-13,1;
2025-09-03 02:30:00.0;-13,4;1;0;-29,9;16,6;-13,3;
2025-09-03 02:35:00.0;-13,4;1;0;-30;16,7;-13,3;
2025-09-03 02:40:00.0;-13,4;1;0;-27,2;13,9;-13,2;
2025-09-03 02:45:00.0;-13,4;0;0;-32,3;18,8;-13,5;
2025-09-03 02:50:00.0;-13,4;1;0;-29,9;16,6;-13,4;
2025-09-03 02:55:00.0;-13,4;1;0;-30;16,7;-13,3;
2025-09-03 03:00:00.0;-13,4;0;0;-26,4;13,2;-13,2;
2025-09-03 03:05:00.0;-13,5;1;0;-29,6;16,2;-13,4;
2025-09-03 03:10:00.0;-13,5;1;0;-30;16,5;-13,4;
2025-09-03 03:15:00.0;-13,5;1;0;-27,2;13,8;-13,4;
2025-09-03 03:20:00.0;-12,6;0;0;-29,7;17,1;-12,6;
2025-09-03 03:25:00.0;-12,1;1;0;-30;17,9;-12,1;
2025-09-03 03:30:00.0;-11,7;1;0;-28,4;16,8;-11,6;
2025-09-03 03:35:00.0;-11,2;0;0;-27,2;15,7;-11,5;
2025-09-03 03:40:00.0;-10,7;1;0;-29,9;19,3;-10,6;
2025-09-03 03:45:00.0;-10;1;0;-30;20;-10;
2025-09-03 03:50:00.0;-9,7;1;0;-29,9;20,4;-9,5;
2025-09-03 03:55:00.0;-9,4;1;0;-30;20,7;-9,3;
2025-09-03 04:00:00.0;-9;1;0;-30;21;-8,9;
2025-09-03 04:05:00.0;-8,9;1;0;-29,9;21,2;-8,8;
2025-09-03 04:10:00.0;-9,9;1;0;-30;20,4;-9,6;
2025-09-03 04:15:00.0;-10,4;1;0;-30;19,8;-10,2;
2025-09-03 04:20:00.0;-10,7;1;0;-30,1;19,5;-10,5;
2025-09-03 04:25:00.0;-10,9;1;0;-30;19,2;-10,7;
2025-09-03 04:30:00.0;-11,2;1;0;-30;18,9;-11;
2025-09-03 04:35:00.0;-11,3;1;0;-30;18,8;-11,1;
2025-09-03 04:40:00.0;-11,3;1;0;-30;18,8;-11,2;
2025-09-03 04:45:00.0;-11,4;1;0;-30;18,7;-11,3;
2025-09-03 04:50:00.0;-11,5;1;0;-30;18,6;-11,4;
2025-09-03 04:55:00.0;-11,6;1;0;-30,1;18,6;-11,5;
2025-09-03 05:00:00.0;-11,6;1;0;-30;18,6;-11,5;
2025-09-03 05:05:00.0;-11,7;1;0;-30,1;18,5;-11,5;
2025-09-03 05:10:00.0;-11,9;1;0;-30;18,3;-11,8;
2025-09-03 05:15:00.0;-12,3;1;0;-30;17,9;-12,1;
2025-09-03 05:20:00.0;-12,5;1;0;-27,2;15,2;-12;
2025-09-03 05:25:00.0;-12,6;1;0;-29,8;17,4;-12,4;
2025-09-03 05:30:00.0;-12,7;1;0;-29,9;17,3;-12,6;
2025-09-03 05:35:00.0;-12,9;1;0;-29,2;16,4;-12,7;
2025-09-03 05:40:00.0;-12,9;0;0;-32,1;19,2;-12,8;
2025-09-03 05:45:00.0;-13;1;0;-29,9;17,1;-12,9;
2025-09-03 05:50:00.0;-13,1;1;0;-30;17,1;-12,9;
2025-09-03 05:55:00.0;-13,1;0;0;-27,2;14,4;-12,8;
2025-09-03 06:00:00.0;-13,2;1;0;-29,8;16,8;-13;
2025-09-03 06:05:00.0;-13,3;1;0;-30;16,9;-13,1;
2025-09-03 06:10:00.0;-13,2;1;0;-27,1;14,1;-13;
2025-09-03 06:15:00.0;-13,2;0;0;-34,9;21,5;-13,4;
2025-09-03 06:20:00.0;-13,3;1;0;-29,9;16,7;-13,2;
2025-09-03 06:25:00.0;-13,4;1;0;-28,6;15,4;-13,2;
2025-09-03 06:30:00.0;-13,4;0;0;-27;13,8;-13,1;
2025-09-03 06:35:00.0;-13,4;1;0;-29,5;16,3;-13,3;
2025-09-03 06:40:00.0;-13,5;1;0;-30;16,6;-13,4;
2025-09-03 06:45:00.0;-13,5;1;0;-27,2;14;-13,2;
2025-09-03 06:50:00.0;-13,6;0;0;-29,8;16,4;-13,4;
2025-09-03 06:55:00.0;-13,6;1;0;-29,9;16,4;-13,5;
2025-09-03 07:00:00.0;-13,6;1;0;-28,6;15,1;-13,5;
2025-09-03 07:05:00.0;-13,6;0;0;-27,3;13,9;-13,4;
2025-09-03 07:10:00.0;-13,7;1;0;-29,9;16,4;-13,6;
2025-09-03 07:15:00.0;-13,7;1;0;-30;16,4;-13,6;
2025-09-03 07:20:00.0;-13,7;0;0;-27,2;13,7;-13,5;
2025-09-03 07:25:00.0;-13,7;1;0;-30;16,4;-13,6;
2025-09-03 07:30:00.0;-13,7;1;0;-30;16,4;-13,6;
2025-09-03 07:35:00.0;-13,7;1;0;-27,1;13,7;-13,4;
2025-09-03 07:40:00.0;-13,7;0;0;-32;18,4;-13,7;
2025-09-03 07:45:00.0;-13,7;1;0;-29,9;16,4;-13,6;
2025-09-03 07:50:00.0;-13,7;1;0;-30;16,4;-13,6;
2025-09-03 07:55:00.0;-13,7;0;0;-29;15,6;-13,5;
2025-09-03 08:00:00.0;-13,7;1;0;-29,6;16,1;-13,6;
2025-09-03 08:05:00.0;-12;1;0;-30;17,9;-12,1;
2025-09-03 08:10:00.0;-11,8;1;0;-27,2;15,4;-11,7;
2025-09-03 08:15:00.0;-11,6;0;0;-32,4;20,7;-11,7;
2025-09-03 08:20:00.0;-10,1;1;0;-30;19,8;-10,2;
2025-09-03 08:25:00.0;-10,1;1;0;-30,1;20;-10;
2025-09-03 08:30:00.0;-9,9;1;0;-30;20,2;-9,8;
2025-09-03 08:35:00.0;-9,6;1;0;-30;20,5;-9,5;
2025-09-03 08:40:00.0;-9,2;1;0;-29,9;20,8;-9,1;
2025-09-03 08:45:00.0;-9,1;1;0;-30;21,1;-8,9;
2025-09-03 08:50:00.0;-8,8;1;0;-29,9;21,2;-8,8;
2025-09-03 08:55:00.0;-8,6;1;0;-29,9;21,4;-8,5;
2025-09-03 09:00:00.0;-9,8;1;0;-30;20,6;-9,4;
2025-09-03 09:05:00.0;-10,8;1;0;-30,1;19,5;-10,6;
2025-09-03 09:10:00.0;-10,4;1;0;-28,4;17,8;-10,5;
2025-09-03 09:15:00.0;-10,4;0;0;-27,3;17;-10,4;
2025-09-03 09:20:00.0;-10,2;1;0;-29,9;19,6;-10,3;
2025-09-03 09:25:00.0;-11;1;0;-29,9;19,2;-10,8;
2025-09-03 09:30:00.0;-11,4;1;0;-30;18,8;-11,2;
2025-09-03 09:35:00.0;-11,7;1;0;-27,2;15,7;-11,5;
2025-09-03 09:40:00.0;-11,9;0;0;-27,1;15,6;-11,4;
2025-09-03 09:45:00.0;-12,1;1;0;-29,8;17,9;-11,9;
2025-09-03 09:50:00.0;-12,4;1;0;-30;17,8;-12,2;
2025-09-03 09:55:00.0;-12,5;1;0;-27,2;15,1;-12,1;
2025-09-03 10:00:00.0;-11,2;1;0;-29,7;18,2;-11,4;
2025-09-03 10:05:00.0;-11,1;1;0;-29,9;18,9;-11;
2025-09-03 10:10:00.0;-11;1;0;-30,1;19,2;-10,8;
2025-09-03 10:15:00.0;-11,7;1;0;-28,5;17,1;-11,4;
2025-09-03 10:20:00.0;-11,9;0;0;-27,3;16;-11,4;
2025-09-03 10:25:00.0;-12,2;1;0;-29,9;17,9;-12;
2025-09-03 10:30:00.0;-12,2;1;0;-30;17,9;-12,1;
2025-09-03 10:35:00.0;-12,5;1;0;-27,2;15,2;-12;
2025-09-03 10:40:00.0;-12,3;0;0;-29,7;17,6;-12,1;
2025-09-03 10:45:00.0;-12,4;1;0;-30;17,7;-12,3;
2025-09-03 10:50:00.0;-12,6;1;0;-28,6;16,2;-12,4;
2025-09-03 10:55:00.0;-12,7;0;0;-27,2;14,9;-12,3;
2025-09-03 11:00:00.0;-12,8;1;0;-30;17,3;-12,7;
2025-09-03 11:05:00.0;-12,9;1;0;-30;17,2;-12,8;
2025-09-03 11:10:00.0;-12,9;0;0;-27,2;14,5;-12,7;
2025-09-03 11:15:00.0;-12,7;1;0;-29,8;17,1;-12,8;
2025-09-03 11:20:00.0;-12,7;1;0;-30;17,4;-12,6;
2025-09-03 11:25:00.0;-12,7;1;0;-27,1;14,6;-12,5;
2025-09-03 11:30:00.0;-12,7;0;0;-31,8;19;-12,7;
2025-09-03 11:35:00.0;-11,1;1;0;-29,9;18,7;-11,3;
2025-09-03 11:40:00.0;-11,3;1;0;-30;19;-11;
2025-09-03 11:45:00.0;-10,6;0;0;-29,3;18,5;-10,8;
2025-09-03 11:50:00.0;-10,5;1;0;-29,9;19,5;-10,4;
2025-09-03 11:55:00.0;-10,1;1;0;-30;19,9;-10,1;
2025-09-03 12:00:00.0;-7,9;1;0;-29,9;21,7;-8,2;
2025-09-03 12:05:00.0;-8,7;1;0;-30;21,5;-8,6;
2025-09-03 12:10:00.0;-8,6;1;0;-30;21,5;-8,5;
2025-09-03 12:15:00.0;-8,5;1;0;-30;21,5;-8,4;
2025-09-03 12:20:00.0;-8,2;1;0;-29,9;21,7;-8,2;
2025-09-03 12:25:00.0;-8,2;1;0;-29,9;21,9;-8;
2025-09-03 12:30:00.0;-8,5;1;0;-30,1;21,9;-8,2;
2025-09-03 12:35:00.0;-9,6;1;0;-30;20,7;-9,3;
2025-09-03 12:40:00.0;-10,3;1;0;-30,1;20;-10,1;
2025-09-03 12:45:00.0;-9,3;1;0;-29,9;20,5;-9,4;
2025-09-03 12:50:00.0;-9,9;1;0;-30;20,4;-9,6;
2025-09-03 12:55:00.0;-10,6;1;0;-30,1;19,7;-10,4;
2025-09-03 13:00:00.0;-10,9;1;0;-30,1;19,3;-10,8;
2025-09-03 13:05:00.0;-11,2;0;0;-27,2;16,5;-10,7;
2025-09-03 13:10:00.0;-11,4;1;0;-30,1;18,9;-11,1;
2025-09-03 13:15:00.0;-11,7;1;0;-30;18,4;-11,6;
2025-09-03 13:20:00.0;-11,8;1;0;-27,2;15,7;-11,5;
2025-09-03 13:25:00.0;-11,8;0;0;-35,7;23,8;-11,9;
2025-09-03 13:30:00.0;-12;1;0;-29,9;18,1;-11,8;
2025-09-03 13:35:00.0;-10,8;1;0;-30;19;-10,9;
2025-09-03 13:40:00.0;-11,5;0;0;-27,2;16,4;-10,9;
2025-09-03 13:45:00.0;-11,7;1;0;-29,8;18,3;-11,5;
2025-09-03 13:50:00.0;-12;1;0;-30;18,2;-11,8;
2025-09-03 13:55:00.0;-12,1;1;0;-28,6;16,8;-11,8;
2025-09-03 14:00:00.0;-11,1;0;0;-29,8;18,5;-11,3;
2025-09-03 14:05:00.0;-11,7;1;0;-30,1;18,6;-11,5;
2025-09-03 14:10:00.0;-12;1;0;-30;18,2;-11,8;
2025-09-03 14:15:00.0;-12,1;0;0;-27,3;15,6;-11,7;
2025-09-03 14:20:00.0;-12,3;1;0;-29,6;17,5;-12,1;
2025-09-03 14:25:00.0;-8,5;1;0;-30,6;18,7;-11,9;
2025-09-03 14:30:00.0;-9,6;1;0;-29,9;20,2;-9,7;
2025-09-03 14:35:00.0;-10,2;1;0;-29,9;20,1;-9,8;
2025-09-03 14:40:00.0;-10,7;1;0;-29,3;18,9;-10,4;
2025-09-03 14:45:00.0;-9,3;1;0;-29,8;20,2;-9,5;
2025-09-03 14:50:00.0;-9,1;1;0;-30,1;21,3;-8,7;
2025-09-03 14:55:00.0;-10,5;1;0;-30,1;19,9;-10,2;
2025-09-03 15:00:00.0;-8,2;1;0;-29,9;21,2;-8,6;
2025-09-03 15:05:00.0;-8,9;1;0;-30;21,3;-8,7;
2025-09-03 15:10:00.0;-8,5;1;0;-29,6;21,2;-8,4;
2025-09-03 15:15:00.0;-9,1;1;0;-30;21,3;-8,8;
2025-09-03 15:20:00.0;-10;1;0;-30;20,3;-9,7;
2025-09-03 15:25:00.0;-10,5;1;0;-30,1;19,8;-10,3;
2025-09-03 15:30:00.0;-9,7;1;0;-30;20,2;-9,8;
2025-09-03 15:35:00.0;-9,2;0;0;-30,1;20,8;-9,4;
2025-09-03 15:40:00.0;-9,1;1;0;-29,9;20,9;-9;
2025-09-03 15:45:00.0;-9;1;0;-30;21;-8,9;
2025-09-03 15:50:00.0;-9;1;0;-30;21,2;-8,8;
2025-09-03 15:55:00.0;-8,9;1;0;-30;21,2;-8,8;
2025-09-03 16:00:00.0;-8,9;1;0;-30;21,2;-8,8;
2025-09-03 16:05:00.0;-8,9;1;0;-30;21,2;-8,8;
2025-09-03 16:10:00.0;-8,9;1;0;-30;21,3;-8,7;
2025-09-03 16:15:00.0;-8,7;1;0;-30;21,3;-8,6;
2025-09-03 16:20:00.0;-8,6;1;0;-30;21,6;-8,4;
2025-09-03 16:25:00.0;-9;1;0;-30,1;21,4;-8,7;
2025-09-03 16:30:00.0;-9,3;1;0;-29,9;20,9;-9;
2025-09-03 16:35:00.0;-10;1;0;-30;20,2;-9,7;
2025-09-03 16:40:00.0;-10,4;1;0;-30,1;19,9;-10,2;
2025-09-03 16:45:00.0;-10,8;1;0;-27,2;16,8;-10,4;
2025-09-03 16:50:00.0;-11,1;1;0;-29,7;18,8;-10,8;
2025-09-03 16:55:00.0;-9,3;1;0;-29,9;19,9;-10,1;
2025-09-03 17:00:00.0;-8,7;1;0;-30;21,4;-8,6;
2025-09-03 17:05:00.0;-8,8;1;0;-30;21,3;-8,7;
2025-09-03 17:10:00.0;-8,3;1;0;-30;21,7;-8,2;
2025-09-03 17:15:00.0;-8,2;1;0;-29,9;21,9;-8,1;
2025-09-03 17:20:00.0;-7,9;1;0;-29,9;22,1;-7,9;
2025-09-03 17:25:00.0;-7,9;1;0;-29,9;22,2;-7,7;
2025-09-03 17:30:00.0;-7,6;1;0;-29,9;22,5;-7,5;
2025-09-03 17:35:00.0;-7,4;1;0;-29,9;22,6;-7,3;
2025-09-03 17:40:00.0;-6,6;1;0;-29,9;22,9;-7;
2025-09-03 17:45:00.0;-6,7;1;0;-30;23,5;-6,4;
2025-09-03 17:50:00.0;-7,5;1;0;-29,9;22,5;-7,4;
2025-09-03 17:55:00.0;-7,7;1;0;-30;22,5;-7,6;
2025-09-03 18:00:00.0;-6;1;0;-29;21,4;-7,6;
2025-09-03 18:05:00.0;-6,9;1;0;-30;23,3;-6,7;
2025-09-03 18:10:00.0;-8;1;0;-30;22,3;-7,7;
2025-09-03 18:15:00.0;-8,8;1;0;-30,1;21,6;-8,5;
2025-09-03 18:20:00.0;-9,2;1;0;-30,1;21,1;-9;
2025-09-03 18:25:00.0;-9,7;1;0;-30,1;20,6;-9,5;
2025-09-03 18:30:00.0;-10;0;0;-27,2;17,7;-9,5;
2025-09-03 18:35:00.0;-9,2;1;0;-29,9;20,7;-9,2;
2025-09-03 18:40:00.0;-9;1;0;-30;21,1;-8,9;
2025-09-03 18:45:00.0;-9;1;0;-28,4;19,8;-8,7;
2025-09-03 18:50:00.0;-9,8;0;0;-30,1;20,6;-9,4;
2025-09-03 18:55:00.0;-10,1;1;0;-30;20,1;-9,9;
2025-09-03 19:00:00.0;-10,4;1;0;-29,9;19,7;-10,2;
2025-09-03 19:05:00.0;-10,6;0;0;-27,2;17,1;-10,2;
2025-09-03 19:10:00.0;-10,3;1;0;-29,6;19,3;-10,3;
2025-09-03 19:15:00.0;-9,8;1;0;-30;20,3;-9,7;
2025-09-03 19:20:00.0;-9,6;0;0;-27,2;17,7;-9,4;
2025-09-03 19:25:00.0;-9,5;0;0;-30,8;21,4;-9,4;
2025-09-03 19:30:00.0;-10;1;0;-30;20,3;-9,7;
2025-09-03 19:35:00.0;-8,5;1;0;-28,3;19;-9,3;
2025-09-03 19:40:00.0;-7,6;0;0;-31,3;22,5;-8,9;
2025-09-03 19:45:00.0;-6,8;1;0;-30;22,9;-7,1;
2025-09-03 19:50:00.0;-6,4;1;0;-29,9;23,3;-6,6;
2025-09-03 19:55:00.0;-7,1;1;0;-30;23;-7;
2025-09-03 20:00:00.0;-6,3;1;0;-29,9;23,5;-6,4;
2025-09-03 20:05:00.0;-6;1;0;-30;23,8;-6,2;
2025-09-03 20:10:00.0;-5,9;1;0;-30;24;-5,9;
2025-09-03 20:15:00.0;-5,7;1;0;-29,9;24,2;-5,7;
2025-09-03 20:20:00.0;-5,4;1;0;-30;24,4;-5,6;
2025-09-03 20:25:00.0;-6,6;1;0;-29,9;23,6;-6,3;
2025-09-03 20:30:00.0;-6,8;1;0;-30;23,3;-6,7;
2025-09-03 20:35:00.0;-6,7;0;0;-28,3;21,6;-6,6;
2025-09-03 20:40:00.0;-6,9;0;0;-26,9;20,4;-6,5;
2025-09-03 20:45:00.0;-6,7;0;0;-26,9;20,3;-6,6;
2025-09-03 20:50:00.0;-6,5;0;0;-26,9;20,3;-6,6;
2025-09-03 20:55:00.0;-6,4;0;0;-26,8;20,3;-6,5;
2025-09-03 21:00:00.0;-6,3;0;0;-26,8;20,4;-6,4;
2025-09-03 21:05:00.0;-6,2;0;0;-26,8;20,5;-6,4;
2025-09-03 21:10:00.0;-6,2;0;0;-26,8;20,5;-6,3;
2025-09-03 21:15:00.0;-6,2;0;0;-26,8;20,6;-6,2;
2025-09-03 21:20:00.0;-6,5;0;0;-26,8;20,7;-6,1;
2025-09-03 21:25:00.0;-6,9;0;0;-26,9;20,7;-6,2;
2025-09-03 21:30:00.0;-7,1;0;0;-27;20,6;-6,4;
2025-09-03 21:35:00.0;-7,2;0;0;-27;20,5;-6,5;
2025-09-03 21:40:00.0;-7,3;0;0;-27;20,4;-6,7;
2025-09-03 21:45:00.0;-7,4;0;0;-27;20,2;-6,8;
2025-09-03 21:50:00.0;-7,5;0;0;-27;20,1;-6,9;
2025-09-03 21:55:00.0;-7,1;0;0;-27;20;-7;
2025-09-03 22:00:00.0;-7,3;0;0;-27;20,1;-6,9;
2025-09-03 22:05:00.0;-7,5;0;0;-27;20,1;-6,9;
2025-09-03 22:10:00.0;-7,6;0;0;-27,1;20;-7;
2025-09-03 22:15:00.0;-7,6;0;0;-27,1;19,9;-7,1;
2025-09-03 22:20:00.0;-7,7;0;0;-27,1;19,9;-7,2;
2025-09-03 22:25:00.0;-7,7;0;0;-27,1;19,9;-7,2;
2025-09-03 22:30:00.0;-6,8;0;0;-26,9;19,7;-7,2;
2025-09-03 22:35:00.0;-6,5;0;0;-26,8;19,9;-6,9;
2025-09-03 22:40:00.0;-6,8;0;0;-26,9;20,2;-6,7;
2025-09-03 22:45:00.0;-7,1;0;0;-26,9;20,3;-6,6;
2025-09-03 22:50:00.0;-7,3;0;0;-27;20,3;-6,7;
2025-09-03 22:55:00.0;-7,4;0;0;-27;20,2;-6,9;
2025-09-03 23:00:00.0;-7,5;0;0;-27;20,1;-7;
2025-09-03 23:05:00.0;-7,6;0;0;-27,1;20;-7,1;
2025-09-03 23:10:00.0;-7,6;0;0;-27,1;19,9;-7,1;
2025-09-03 23:15:00.0;-7,7;0;0;-27,1;19,9;-7,2;
2025-09-03 23:20:00.0;-7,8;0;0;-27,1;19,8;-7,3;
2025-09-03 23:25:00.0;-7,8;0;0;-27,1;19,8;-7,3;
2025-09-03 23:30:00.0;-7,8;0;0;-27,1;19,7;-7,3;
2025-09-03 23:35:00.0;-7,8;0;0;-27,1;19,7;-7,4;
2025-09-03 23:40:00.0;-7,8;0;0;-27,1;19,7;-7,4;
2025-09-03 23:45:00.0;-7,9;0;0;-27,1;19,7;-7,4;
2025-09-03 23:50:00.0;-7,9;0;0;-27,1;19,6;-7,5;
2025-09-03 23:55:00.0;-7,9;0;0;-27,1;19,6;-7,5;
2025-09-04 00:00:00.0;-7,9;0;0;-27,1;19,6;-7,5;
2025-09-04 00:05:00.0;-7,9;0;0;-27,1;19,6;-7,5;
2025-09-04 00:10:00.0;-7,9;0;0;-27,1;19,6;-7,5;
2025-09-04 00:15:00.0;-7,9;0;0;-27,1;19,6;-7,6;
2025-09-04 00:20:00.0;-7,9;0;0;-27,1;19,6;-7,6;
2025-09-04 00:25:00.0;-7,9;0;0;-27,1;19,5;-7,6;
2025-09-04 00:30:00.0;-7,9;0;0;-27,1;19,5;-7,6;
2025-09-04 00:35:00.0;-7,9;0;0;-27,1;19,5;-7,6;
2025-09-04 00:40:00.0;-7,9;0;0;-27,1;19,5;-7,6;
2025-09-04 00:45:00.0;-7,9;0;0;-27,1;19,5;-7,6;
2025-09-04 00:50:00.0;-7,9;0;0;-27,1;19,5;-7,6;
2025-09-04 00:55:00.0;-8;0;0;-27,1;19,5;-7,6;
2025-09-04 01:00:00.0;-8;0;0;-27,1;19,5;-7,6;
2025-09-04 01:05:00.0;-8;0;0;-27,1;19,5;-7,6;
2025-09-04 01:10:00.0;-7,9;0;0;-27,1;19,5;-7,6;
2025-09-04 01:15:00.0;-7,9;0;0;-27,1;19,5;-7,6;
2025-09-04 01:20:00.0;-7,9;0;0;-27,1;19,5;-7,6;
2025-09-04 01:25:00.0;-7,9;0;0;-27,1;19,5;-7,6;
2025-09-04 01:30:00.0;-7,9;0;0;-27,1;19,5;-7,6;
2025-09-04 01:35:00.0;-7,9;0;0;-27,1;19,5;-7,6;
2025-09-04 01:40:00.0;-7,9;0;0;-27,1;19,5;-7,6;
2025-09-04 01:45:00.0;-7,9;0;0;-27,1;19,5;-7,6;
2025-09-04 01:50:00.0;-7,9;0;0;-27,1;19,5;-7,6;
2025-09-04 01:55:00.0;-7,9;0;0;-27,1;19,5;-7,6;
2025-09-04 02:00:00.0;-7,9;0;0;-27,1;19,5;-7,6;
2025-09-04 02:05:00.0;-7,9;0;0;-27,1;19,5;-7,6;
2025-09-04 02:10:00.0;-7,9;0;0;-27,1;19,5;-7,6;
2025-09-04 02:15:00.0;-7,9;0;0;-27,1;19,5;-7,6;
2025-09-04 02:20:00.0;-7,9;0;0;-27,1;19,5;-7,6;
2025-09-04 02:25:00.0;-7,9;0;0;-27,1;19,5;-7,6;
2025-09-04 02:30:00.0;-7,9;0;0;-27,1;19,5;-7,6;
2025-09-04 02:35:00.0;-7,9;0;0;-27,1;19,5;-7,6;
2025-09-04 02:40:00.0;-7,9;0;0;-27,1;19,5;-7,6;
2025-09-04 02:45:00.0;-7,9;0;0;-27,1;19,5;-7,6;
2025-09-04 02:50:00.0;-7,9;0;0;-27,1;19,5;-7,6;
2025-09-04 02:55:00.0;-7,9;0;0;-27,1;19,5;-7,6;
2025-09-04 03:00:00.0;-7,9;0;0;-27,1;19,5;-7,6;
2025-09-04 03:05:00.0;-7,9;0;0;-27,1;19,5;-7,6;
2025-09-04 03:10:00.0;-7,9;0;0;-27,1;19,5;-7,6;
2025-09-04 03:15:00.0;-7,9;0;0;-27,1;19,5;-7,6;
2025-09-04 03:20:00.0;-7,9;0;0;-27,1;19,5;-7,6;
2025-09-04 03:25:00.0;-7,9;0;0;-27,1;19,5;-7,6;
2025-09-04 03:30:00.0;-7,9;0;0;-27,1;19,5;-7,6;
2025-09-04 03:35:00.0;-7,9;0;0;-27,1;19,5;-7,6;
2025-09-04 03:40:00.0;-7,9;0;0;-27,1;19,5;-7,6;
2025-09-04 03:45:00.0;-7,9;0;0;-27,1;19,6;-7,6;
2025-09-04 03:50:00.0;-7,8;0;0;-27,1;19,6;-7,6;
2025-09-04 03:55:00.0;-7,8;0;0;-27,1;19,6;-7,5;
2025-09-04 04:00:00.0;-7,8;0;0;-27,1;19,6;-7,5;
2025-09-04 04:05:00.0;-7,8;0;0;-27,1;19,6;-7,5;
2025-09-04 04:10:00.0;-7,8;0;0;-27,1;19,6;-7,5;
2025-09-04 04:15:00.0;-7,8;0;0;-27,1;19,6;-7,5;
2025-09-04 04:20:00.0;-7,8;0;0;-27,1;19,6;-7,5;
2025-09-04 04:25:00.0;-7,8;0;0;-27,1;19,6;-7,5;
2025-09-04 04:30:00.0;-7,8;0;0;-27,1;19,6;-7,5;
2025-09-04 04:35:00.0;-7,8;0;0;-27,1;19,6;-7,5;
2025-09-04 04:40:00.0;-7,8;0;0;-27,1;19,6;-7,5;
2025-09-04 04:45:00.0;-7,8;0;0;-27,1;19,6;-7,5;
2025-09-04 04:50:00.0;-7,8;0;0;-27,1;19,6;-7,5;
2025-09-04 04:55:00.0;-7,8;0;0;-27,1;19,6;-7,5;
2025-09-04 05:00:00.0;-7,8;0;0;-27,1;19,6;-7,5;
2025-09-04 05:05:00.0;-7,8;0;0;-27,1;19,6;-7,5;
2025-09-04 05:10:00.0;-7,8;0;0;-27,1;19,6;-7,5;
2025-09-04 05:15:00.0;-7,8;0;0;-27,1;19,6;-7,5;
2025-09-04 05:20:00.0;-7,8;0;0;-27,1;19,6;-7,5;
2025-09-04 05:25:00.0;-7,8;0;0;-27,1;19,6;-7,5;
2025-09-04 05:30:00.0;-7,8;0;0;-27,1;19,6;-7,5;
2025-09-04 05:35:00.0;-7,8;0;0;-27,1;19,6;-7,5;
2025-09-04 05:40:00.0;-7,8;0;0;-27,1;19,6;-7,5;
2025-09-04 05:45:00.0;-7,7;0;0;-27,1;19,6;-7,5;
2025-09-04 05:50:00.0;-7,7;0;0;-27,1;19,6;-7,5;
2025-09-04 05:55:00.0;-7,7;0;0;-27,1;19,6;-7,5;
2025-09-04 06:00:00.0;-7,7;0;0;-27,1;19,6;-7,5;
2025-09-04 06:05:00.0;-7,7;0;0;-27,1;19,7;-7,4;
2025-09-04 06:10:00.0;-7,7;0;0;-27,1;19,7;-7,4;
2025-09-04 06:15:00.0;-7,7;0;0;-27,1;19,7;-7,4;
2025-09-04 06:20:00.0;-7,7;0;0;-27,1;19,7;-7,4;
2025-09-04 06:25:00.0;-7,7;0;0;-27,1;19,7;-7,4;
2025-09-04 06:30:00.0;-7,7;0;0;-27,1;19,7;-7,4;
2025-09-04 06:35:00.0;-7,7;0;0;-27,1;19,7;-7,4;
2025-09-04 06:40:00.0;-7,7;0;0;-27,1;19,7;-7,4;
2025-09-04 06:45:00.0;-7,7;0;0;-27,1;19,7;-7,4;
2025-09-04 06:50:00.0;-7,7;0;0;-27,1;19,7;-7,4;
2025-09-04 06:55:00.0;-7,7;0;0;-27,1;19,7;-7,4;
2025-09-04 07:00:00.0;-7,7;0;0;-27,1;19,7;-7,4;
2025-09-04 07:05:00.0;-7,7;0;0;-27,1;19,7;-7,4;
2025-09-04 07:10:00.0;-7,7;0;0;-27,1;19,7;-7,4;
2025-09-04 07:15:00.0;-7,7;0;0;-27,1;19,7;-7,4;
2025-09-04 07:20:00.0;-7,7;0;0;-27,1;19,7;-7,4;
2025-09-04 07:25:00.0;-7,6;0;0;-27,1;19,7;-7,4;
2025-09-04 07:30:00.0;-7,6;0;0;-27,1;19,7;-7,4;
2025-09-04 07:35:00.0;-7,6;0;0;-27,1;19,7;-7,4;
2025-09-04 07:40:00.0;-6,8;0;0;-26,9;19,6;-7,3;
2025-09-04 07:45:00.0;-6,3;0;0;-26,9;19,9;-7;
2025-09-04 07:50:00.0;-6;0;0;-26,8;20,3;-6,5;
2025-09-04 07:55:00.0;-5,9;0;0;-26,8;20,5;-6,2;
2025-09-04 08:00:00.0;-5,9;0;0;-26,7;20,7;-6,1;
2025-09-04 08:05:00.0;-5,8;0;0;-26,7;20,8;-5,9;
2025-09-04 08:10:00.0;-5,8;0;0;-26,7;21;-5,8;
2025-09-04 08:15:00.0;-5,8;0;0;-26,7;21,1;-5,7;
2025-09-04 08:20:00.0;-5,8;0;0;-26,7;21,1;-5,6;
2025-09-04 08:25:00.0;-5,6;0;0;-26,7;21,1;-5,6;
2025-09-04 08:30:00.0;-5,6;0;0;-26,7;21,2;-5,5;
2025-09-04 08:35:00.0;-5,4;0;0;-26,6;21,2;-5,4;
2025-09-04 08:40:00.0;-5,2;0;0;-26,6;21,3;-5,3;
2025-09-04 08:45:00.0;-5,2;0;0;-26,6;21,4;-5,2;
2025-09-04 08:50:00.0;-5,3;0;0;-26,6;21,5;-5,1;
2025-09-04 08:55:00.0;-5,3;0;0;-26,6;21,5;-5,1;
2025-09-04 09:00:00.0;-5,3;0;0;-26,6;21,5;-5,1;
2025-09-04 09:05:00.0;-5,7;0;0;-26,7;21,6;-5,1;
2025-09-04 09:10:00.0;-5,9;0;0;-26,7;21,5;-5,2;
2025-09-04 09:15:00.0;-5,8;0;0;-26,7;21,4;-5,3;
2025-09-04 09:20:00.0;-5,1;0;0;-26,5;21,3;-5,2;
2025-09-04 09:25:00.0;-4,9;0;0;-26,5;21,5;-5;
2025-09-04 09:30:00.0;-4,9;0;0;-26,5;21,6;-4,9;
2025-09-04 09:35:00.0;-4,9;0;0;-26,5;21,8;-4,7;
2025-09-04 09:40:00.0;-4,8;0;0;-26,5;21,8;-4,7;
2025-09-04 09:45:00.0;-4,7;0;0;-26,5;21,9;-4,6;
2025-09-04 09:50:00.0;-4,7;0;0;-26,5;22;-4,5;
2025-09-04 09:55:00.0;-4,8;0;0;-26,5;22;-4,4;
2025-09-04 10:00:00.0;-4,9;0;0;-26,5;22;-4,4;
2025-09-04 10:05:00.0;-5,3;0;0;-26,5;22;-4,6;
2025-09-04 10:10:00.0;-4,8;0;0;-26,5;21,7;-4,8;
2025-09-04 10:15:00.0;-4,9;0;0;-26,5;21,6;-4,8;
2025-09-04 10:20:00.0;---;---;---;---;---;---;
2025-09-04 10:25:00.0;---;---;---;---;---;---;
2025-09-04 10:30:00.0;---;---;---;---;---;---;
2025-09-04 10:35:00.0;---;---;---;---;---;---;
2025-09-04 10:40:00.0;---;---;---;---;---;---;
2025-09-04 10:45:00.0;---;---;---;---;---;---;
2025-09-04 10:50:00.0;-3,7;1;0;-26,7;22,1;-4,5;
2025-09-04 10:55:00.0;-4,4;1;0;-21,9;17,6;-4,3;
2025-09-04 11:00:00.0;-4,7;1;0;-22,5;17,8;-4,7;
2025-09-04 11:05:00.0;-4,9;1;0;-22,4;17,3;-5,1;
2025-09-04 11:10:00.0;-5,2;1;0;-23,5;18,1;-5,4;
2025-09-04 11:15:00.0;-6,5;1;0;-24,1;17,7;-6,4;
2025-09-04 11:20:00.0;-7,8;1;0;-23;15,3;-7,7;
2025-09-04 11:25:00.0;-8,9;1;0;-23,4;14,4;-8,9;
2025-09-04 11:30:00.0;-10;1;0;-24;13,9;-10,1;
2025-09-04 11:35:00.0;-9,6;1;0;-22,2;12,3;-9,8;
2025-09-04 11:40:00.0;-10,3;1;0;-23,5;13;-10,5;
2025-09-04 11:45:00.0;-10,2;1;0;-23,1;12,5;-10,7;
2025-09-04 11:50:00.0;-9,5;1;0;-23,9;14;-9,9;
2025-09-04 11:55:00.0;-9,5;1;0;-23,4;13,7;-9,8;
2025-09-04 12:00:00.0;-9,7;1;0;-22,4;12,5;-9,9;
2025-09-04 12:05:00.0;-10,5;1;0;-23,6;12,8;-10,7;
2025-09-04 12:10:00.0;-10,6;1;1;-26,1;14,4;-11,7;
2025-09-04 12:15:00.0;-9,1;0;1;-29;19,5;-9,6;
2025-09-04 12:20:00.0;-8,2;0;1;-27,2;19;-8,2;
2025-09-04 12:25:00.0;-7,6;0;1;-27,3;20,6;-6,7;
2025-09-04 12:30:00.0;-6,9;0;1;-25,7;20,4;-5,3;
2025-09-04 12:35:00.0;-6,4;0;1;-26,6;23;-3,5;
2025-09-04 12:40:00.0;-5,2;0;1;-24,3;21,9;-2,4;
2025-09-04 12:45:00.0;-6,3;0;0;-24,1;21,8;-2,3;
2025-09-04 12:50:00.0;-9,3;1;0;-23,6;15;-8,7;
2025-09-04 12:55:00.0;-8,8;1;0;-23,3;14,3;-9;
2025-09-04 13:00:00.0;-9,4;1;0;-23,4;14,1;-9,3;
2025-09-04 13:05:00.0;-9,4;1;0;-23,1;13,8;-9,3;
2025-09-04 13:10:00.0;-9,2;1;0;-23;13,9;-9,1;
2025-09-04 13:15:00.0;-9;1;0;-23,5;14,6;-8,9;
2025-09-04 13:20:00.0;-8,8;1;0;-23,1;14,4;-8,7;
2025-09-04 13:25:00.0;-8,7;1;0;-23,6;15;-8,6;
2025-09-04 13:30:00.0;-8,5;1;0;-23,2;14,7;-8,5;
2025-09-04 13:35:00.0;-7,7;1;0;-24;16,5;-7,5;
2025-09-04 13:40:00.0;-8;1;0;-23,1;15,2;-7,9;
2025-09-04 13:45:00.0;-8,8;1;0;-24,1;15,2;-8,8;
2025-09-04 13:50:00.0;-9,9;1;0;-23;13;-10;
2025-09-04 13:55:00.0;-10,6;1;0;-23,8;13;-10,8;
2025-09-04 14:00:00.0;-11,1;1;0;-23,8;12,4;-11,4;
2025-09-04 14:05:00.0;-11,7;1;0;-24;11,9;-12;
2025-09-04 14:10:00.0;-12;1;0;-24,1;11,8;-12,4;
2025-09-04 14:15:00.0;-12,2;1;0;-24,2;11,6;-12,6;
2025-09-04 14:20:00.0;-12,4;1;0;-24,3;11,5;-12,8;
2025-09-04 14:25:00.0;-12,6;1;0;-24,4;11,3;-13,1;
2025-09-04 14:30:00.0;-12,4;1;0;-24,4;11,5;-12,9;
2025-09-04 14:35:00.0;-12,6;1;0;-24,4;11,3;-13,1;
2025-09-04 14:40:00.0;-11,8;1;0;-24;11,5;-12,4;
2025-09-04 14:45:00.0;-12,3;1;0;-24,4;11,6;-12,8;
2025-09-04 14:50:00.0;-12,5;1;0;-24,5;11,5;-13;
2025-09-04 14:55:00.0;-11,6;1;0;-23,9;11,6;-12,2;
2025-09-04 15:00:00.0;-12,1;1;0;-24,4;11,9;-12,6;
2025-09-04 15:05:00.0;-12,4;1;0;-24,7;11,6;-13,1;
2025-09-04 15:10:00.0;-12,5;1;0;-24,5;11,4;-13,1;
2025-09-04 15:15:00.0;-12,8;1;0;-24,8;11,3;-13,5;
2025-09-04 15:20:00.0;-13;1;0;-25;11,2;-13,8;
2025-09-04 15:25:00.0;-13,1;1;0;-25,1;11,1;-14;
2025-09-04 15:30:00.0;-13,3;1;0;-25,2;11;-14,2;
2025-09-04 15:35:00.0;-13,5;1;0;-25,2;10,8;-14,4;
2025-09-04 15:40:00.0;-13,6;1;0;-25,3;10,8;-14,5;
2025-09-04 15:45:00.0;-13,6;1;0;-25,4;10,7;-14,7;
2025-09-04 15:50:00.0;-13,8;1;0;-25,5;10,7;-14,8;
2025-09-04 15:55:00.0;-13,9;1;0;-25,6;10,7;-14,9;
2025-09-04 16:00:00.0;-14;1;0;-25,5;10,4;-15;
2025-09-04 16:05:00.0;-14;1;0;-25,6;10,5;-15,1;
2025-09-04 16:10:00.0;-14,1;1;1;-26,4;10,7;-15,6;
2025-09-04 16:15:00.0;-12,7;1;1;-30,6;17,6;-13;
2025-09-04 16:20:00.0;-11,3;0;1;-28,1;16,6;-11,5;
2025-09-04 16:25:00.0;-9,6;0;0;-29,8;23,3;-6,4;
2025-09-04 16:30:00.0;-10,3;1;0;-24,5;14,7;-9,8;
2025-09-04 16:35:00.0;-11,3;1;0;-24;12,9;-11,1;
2025-09-04 16:40:00.0;-12,3;1;0;-23,6;11,1;-12,5;
2025-09-04 16:45:00.0;-12,7;1;0;-23,8;10,9;-13;
2025-09-04 16:50:00.0;-12,3;1;0;-23,8;11;-12,7;
2025-09-04 16:55:00.0;-12;1;0;-23,4;11,1;-12,3;
2025-09-04 17:00:00.0;-11,6;1;0;-23,2;11,3;-11,7;
2025-09-04 17:05:00.0;-11,2;1;0;-23,8;12,1;-11,2;
2025-09-04 17:10:00.0;-10,7;1;0;-23,7;13;-10,7;
2025-09-04 17:15:00.0;-10,6;1;0;-23,3;12,7;-10,6;
2025-09-04 17:20:00.0;-10,2;1;0;-27,8;15,5;-9,5;
2025-09-04 17:25:00.0;-11,4;1;0;-25,4;14,7;-10,8;
2025-09-04 17:30:00.0;-12,2;1;0;-24,1;11,8;-12,4;
2025-09-04 17:35:00.0;-12,6;1;0;-24,2;11,3;-13;
2025-09-04 17:40:00.0;-12,9;1;0;-24,4;11;-13,4;
2025-09-04 17:45:00.0;-12,8;1;0;-27,4;14,5;-12,8;
2025-09-04 17:50:00.0;-13,2;1;0;-26,5;13,2;-13,3;
2025-09-04 17:55:00.0;-13,6;1;0;-25,5;11,7;-13,9;
2025-09-04 18:00:00.0;-13,8;1;0;-25;10,8;-14,2;
2025-09-04 18:05:00.0;-13,8;1;0;-25;10,5;-14,4;
2025-09-04 18:10:00.0;-13,9;1;0;-25;10,4;-14,6;
2025-09-04 18:15:00.0;-14,1;1;0;-25,1;10,3;-14,7;
2025-09-04 18:20:00.0;-14,2;1;0;-24,9;10,1;-14,9;
2025-09-04 18:25:00.0;-14,2;1;0;-25,3;10,3;-15;
2025-09-04 18:30:00.0;-14,4;1;0;-25,3;10,3;-15,1;
2025-09-04 18:35:00.0;-14,5;1;0;-25,3;10,2;-15,2;
2025-09-04 18:40:00.0;-13,8;1;0;-24,9;10;-14,9;
2025-09-04 18:45:00.0;-12,4;1;0;-24,1;11,2;-12,8;
2025-09-04 18:50:00.0;-12,4;1;0;-24,1;11;-13,1;
2025-09-04 18:55:00.0;-11,5;1;0;-23,7;11,7;-12;
2025-09-04 19:00:00.0;-11,3;1;0;-23,7;11,9;-11,8;
2025-09-04 19:05:00.0;-11,3;1;0;-23,7;12;-11,8;
2025-09-04 19:10:00.0;-11,3;1;0;-23,8;12;-11,8;
2025-09-04 19:15:00.0;-11,7;1;0;-24;11,9;-12,1;
2025-09-04 19:20:00.0;-12,7;1;0;-24,6;11,3;-13,3;
2025-09-04 19:25:00.0;-13,1;1;0;-24,9;11;-13,8;
2025-09-04 19:30:00.0;-13,4;1;0;-25;10,8;-14,2;
2025-09-04 19:35:00.0;-13,7;1;0;-25,2;10,7;-14,5;
2025-09-04 19:40:00.0;-13,9;1;0;-25,4;10,6;-14,8;
2025-09-04 19:45:00.0;-14,1;1;0;-25,3;10,4;-15;
2025-09-04 19:50:00.0;-14,2;1;0;-25,5;10,4;-15,1;
2025-09-04 19:55:00.0;-14,3;1;0;-25,5;10,3;-15,2;
2025-09-04 20:00:00.0;-14,4;1;0;-25,6;10,3;-15,3;
2025-09-04 20:05:00.0;-14,6;1;0;-25,5;10;-15,4;
2025-09-04 20:10:00.0;-13,3;1;1;-27,3;11,9;-15,3;
2025-09-04 20:15:00.0;-12,4;0;1;-30,8;18,4;-12,4;
2025-09-04 20:20:00.0;-11,8;0;1;-29;17,3;-11,7;
2025-09-04 20:25:00.0;-10,6;0;1;-27,2;17,4;-9,8;
2025-09-04 20:30:00.0;-9,7;0;1;-26,3;18,1;-8,1;
2025-09-04 20:35:00.0;-8,9;0;1;-25,6;19;-6,6;
2025-09-04 20:40:00.0;-7,5;0;0;-25,8;20,7;-5,2;
2025-09-04 20:45:00.0;-7,5;0;0;-24,9;20,4;-4,5;
2025-09-04 20:50:00.0;-10;1;0;-23,4;13,9;-9,6;
2025-09-04 20:55:00.0;-9,8;1;0;-23,7;14,1;-9,6;
2025-09-04 21:00:00.0;-10,1;1;0;-23,9;14;-9,9;
2025-09-04 21:05:00.0;-10,1;1;0;-23,7;13,9;-9,9;
2025-09-04 21:10:00.0;-10,1;1;0;-23,7;13,7;-9,9;
2025-09-04 21:15:00.0;-9,9;1;0;-23,4;13,7;-9,7;
2025-09-04 21:20:00.0;-9,9;1;0;-23,4;13,7;-9,8;
2025-09-04 21:25:00.0;-9,8;1;0;-23,3;13,6;-9,7;
2025-09-04 21:30:00.0;-9,7;1;0;-23,2;13,6;-9,6;
2025-09-04 21:35:00.0;-10,4;1;0;-23,9;13,4;-10,5;
2025-09-04 21:40:00.0;-11,4;1;0;-23,8;12,1;-11,6;
2025-09-04 21:45:00.0;-12,1;1;0;-24,1;11,7;-12,4;
2025-09-04 21:50:00.0;-12,6;1;0;-24,1;11,2;-13;
2025-09-04 21:55:00.0;-13;1;0;-24,8;11,4;-13,4;
2025-09-04 22:00:00.0;-13,2;1;0;-24,3;10,5;-13,8;
2025-09-04 22:05:00.0;-13,3;1;0;-24,9;11,1;-13,7;
2025-09-04 22:10:00.0;-13,6;1;0;-25;10,9;-14,1;
2025-09-04 22:15:00.0;-13,8;1;0;-25;10,6;-14,4;
2025-09-04 22:20:00.0;-14;1;0;-25,2;10,5;-14,7;
2025-09-04 22:25:00.0;-14,1;1;0;-25,3;10,5;-14,8;
2025-09-04 22:30:00.0;-14,3;1;0;-25,2;10,2;-14,9;
2025-09-04 22:35:00.0;-14,3;1;0;-25,3;10,2;-15,1;
2025-09-04 22:40:00.0;-14,5;1;0;-25,6;10,4;-15,1;
2025-09-04 22:45:00.0;-14,6;1;0;-25,3;10;-15,3;
2025-09-04 22:50:00.0;-14,6;1;0;-25,5;10,2;-15,3;
2025-09-04 22:55:00.0;-14,7;1;0;-25,6;10,2;-15,4;
2025-09-04 23:00:00.0;-14,8;1;0;-25,7;10,3;-15,5;
2025-09-04 23:05:00.0;-14,9;1;0;-25,8;10,2;-15,5;
2025-09-04 23:10:00.0;-14,9;1;0;-25,7;10,1;-15,6;
2025-09-04 23:15:00.0;-15;1;0;-25,8;10,2;-15,7;
2025-09-04 23:20:00.0;-15;1;0;-25,8;10,1;-15,7;
2025-09-04 23:25:00.0;-15,1;1;0;-25,8;10;-15,8;
2025-09-04 23:30:00.0;-15,1;1;0;-25,8;10;-15,8;
2025-09-04 23:35:00.0;-15,2;1;0;-26;10,1;-15,9;
2025-09-04 23:40:00.0;-15,2;1;0;-25,9;10;-15,9;
2025-09-04 23:45:00.0;-15,2;1;0;-26;10;-16;
2025-09-04 23:50:00.0;-15,3;1;0;-25,9;9,9;-16;
2025-09-04 23:55:00.0;-15,3;1;0;-26;9,9;-16,1;
2025-09-05 00:00:00.0;-15,3;1;0;-26,2;10,1;-16,1;
2025-09-05 00:05:00.0;-15,4;1;0;-26,2;10;-16,2;
2025-09-05 00:10:00.0;-15,4;1;1;-25,8;9,2;-16,6;
2025-09-05 00:15:00.0;-14;0;1;-29,9;16,2;-13,7;
2025-09-05 00:20:00.0;-13;0;1;-27,9;15,2;-12,7;
2025-09-05 00:25:00.0;-11,9;0;1;-26,5;15,3;-11,2;
2025-09-05 00:30:00.0;-10,8;0;1;-25,4;15,9;-9,5;
2025-09-05 00:35:00.0;-10,2;0;1;-25,2;18;-7,2;
2025-09-05 00:40:00.0;-9,5;0;1;-23,8;18;-5,8;
2025-09-05 00:45:00.0;-9;0;1;-24,7;19,8;-4,9;
2025-09-05 00:50:00.0;-8,6;0;1;-23,9;20;-3,9;
2025-09-05 00:55:00.0;-8,1;0;1;-25,2;22,3;-2,8;
2025-09-05 01:00:00.0;-10,4;1;0;-28,9;24,7;-4,2;
2025-09-05 01:05:00.0;-12,3;1;0;-26,6;15,1;-11,6;
2025-09-05 01:10:00.0;-13,3;1;0;-26,1;13;-13,1;
2025-09-05 01:15:00.0;-13,8;1;0;-25,3;11,4;-13,9;
2025-09-05 01:20:00.0;-14,3;1;0;-25;10,5;-14,6;
2025-09-05 01:25:00.0;-14,4;1;0;-25;10,2;-14,8;
2025-09-05 01:30:00.0;-14,6;1;0;-24,9;9,9;-15;
2025-09-05 01:35:00.0;-14,7;1;0;-25,1;9,9;-15,2;
2025-09-05 01:40:00.0;-14,9;1;0;-25,3;10;-15,3;
2025-09-05 01:45:00.0;-15;1;0;-25,4;9,9;-15,4;
2025-09-05 01:50:00.0;-15,1;1;0;-25,5;10;-15,5;
2025-09-05 01:55:00.0;-15,2;1;0;-25,6;10;-15,6;
2025-09-05 02:00:00.0;-15,2;1;0;-25,6;10;-15,7;
2025-09-05 02:05:00.0;-15,3;1;0;-25,7;10;-15,7;
2025-09-05 02:10:00.0;-15,4;1;0;-25,8;10;-15,8;
2025-09-05 02:15:00.0;-15,4;1;0;-25,9;10;-15,9;
2025-09-05 02:20:00.0;-15,4;1;0;-25,9;10;-15,9;
2025-09-05 02:25:00.0;-15,5;1;0;-26;10;-16;
2025-09-05 02:30:00.0;-15,5;1;0;-26;10;-16;
2025-09-05 02:35:00.0;-15,5;1;0;-26;10;-16,1;
2025-09-05 02:40:00.0;-15,6;1;0;-26,1;10;-16,1;
2025-09-05 02:45:00.0;-15,2;1;0;-25,8;10,2;-15,6;
2025-09-05 02:50:00.0;-14,5;1;0;-25;10,2;-14,8;
2025-09-05 02:55:00.0;-14;1;0;-24,5;10,4;-14,1;
2025-09-05 03:00:00.0;-13,5;1;0;-24,2;10,6;-13,6;
2025-09-05 03:05:00.0;-13,1;1;0;-23,9;10,9;-13,1;
2025-09-05 03:10:00.0;-12,6;1;0;-23,8;11,3;-12,6;
2025-09-05 03:15:00.0;-12,3;1;0;-23,7;11,4;-12,3;
2025-09-05 03:20:00.0;-12;1;0;-23,6;11,6;-12;
2025-09-05 03:25:00.0;-11,7;1;0;-23,5;11,7;-11,8;
2025-09-05 03:30:00.0;-11,5;1;0;-23,4;11,8;-11,6;
2025-09-05 03:35:00.0;-12,4;1;0;-24,1;11,5;-12,6;
2025-09-05 03:40:00.0;-13,5;1;0;-24,7;10,9;-13,8;
2025-09-05 03:45:00.0;-14,1;1;0;-25,1;10,5;-14,6;
2025-09-05 03:50:00.0;-14,5;1;0;-25,3;10,2;-15,1;
2025-09-05 03:55:00.0;-15;1;0;-25,5;9,9;-15,6;
2025-09-05 04:00:00.0;-15,2;1;0;-25,7;9,9;-15,8;
2025-09-05 04:05:00.0;-15,3;1;0;-25,5;9,6;-16;
2025-09-05 04:10:00.0;-15,3;1;0;-24,8;9;-15,8;
2025-09-05 04:15:00.0;-14,9;1;0;-24,4;9,2;-15,2;
2025-09-05 04:20:00.0;-14,9;1;0;-24,7;9,6;-15,1;
2025-09-05 04:25:00.0;-14,9;1;0;-24,8;9,8;-15,1;
2025-09-05 04:30:00.0;-14,9;1;0;-24,9;9,9;-15;
2025-09-05 04:35:00.0;-14,8;1;0;-24,9;9,9;-15;
2025-09-05 04:40:00.0;-14,9;1;0;-24,6;9,6;-15;
2025-09-05 04:45:00.0;-14,8;1;0;-25,2;10,2;-15;
2025-09-05 04:50:00.0;-14,9;1;0;-24,7;9,7;-15,1;
2025-09-05 04:55:00.0;-14,9;1;0;-25,4;10,3;-15,1;
2025-09-05 05:00:00.0;-14,9;1;0;-24,5;9,4;-15,1;
2025-09-05 05:05:00.0;-14,9;1;0;-25;9,9;-15,1;
2025-09-05 05:10:00.0;-15,2;1;0;-27;11,7;-15,3;
2025-09-05 05:15:00.0;-15,5;1;0;-26,9;11;-16;
2025-09-05 05:20:00.0;-15,8;1;0;-26,8;10,5;-16,3;
2025-09-05 05:25:00.0;-15,9;1;0;-26,4;9,7;-16,7;
2025-09-05 05:30:00.0;-16,1;1;0;-26,5;9,8;-16,8;
2025-09-05 05:35:00.0;-16,1;1;0;-26,8;9,9;-16,8;
2025-09-05 05:40:00.0;-16,2;1;0;-26,8;9,9;-16,9;
2025-09-05 05:45:00.0;-16,3;1;0;-27;9,9;-17;
2025-09-05 05:50:00.0;-16,3;1;0;-27;9,9;-17,1;
2025-09-05 05:55:00.0;-16,4;1;0;-27,2;10;-17,2;
2025-09-05 06:00:00.0;-16,5;1;0;-27,2;10;-17,2;
2025-09-05 06:05:00.0;-16,5;1;0;-27,2;10;-17,3;
2025-09-05 06:10:00.0;-16,6;1;0;-27,3;10;-17,3;
2025-09-05 06:15:00.0;-16,6;1;0;-27,3;9,9;-17,4;
2025-09-05 06:20:00.0;-16,7;1;0;-27,4;10;-17,4;
2025-09-05 06:25:00.0;-16,7;1;0;-27,4;10;-17,4;
2025-09-05 06:30:00.0;-16,7;1;0;-27,6;10,1;-17,5;
2025-09-05 06:35:00.0;-16,8;1;0;-27,5;9,9;-17,6;
2025-09-05 06:40:00.0;-16,7;1;0;-27,7;10,1;-17,6;
2025-09-05 06:45:00.0;-16,8;1;0;-27,7;10;-17,6;
2025-09-05 06:50:00.0;-16,9;1;0;-27,7;10;-17,7;
2025-09-05 06:55:00.0;-16,9;1;0;-27,7;10;-17,8;
2025-09-05 07:00:00.0;-16,9;1;0;-27,7;10;-17,8;
2025-09-05 07:05:00.0;-16,9;1;0;-27,8;10;-17,7;
2025-09-05 07:10:00.0;-16,9;1;0;-27,7;10;-17,7;
2025-09-05 07:15:00.0;-17;1;0;-27,9;10;-17,8;
2025-09-05 07:20:00.0;-17;1;0;-27,9;10;-17,9;
2025-09-05 07:25:00.0;-17,1;1;0;-27,9;10;-18;
2025-09-05 07:30:00.0;-17,1;1;0;-27,9;9,9;-18;
2025-09-05 07:35:00.0;-17,1;1;0;-28,1;10,1;-18;
2025-09-05 07:40:00.0;-17,2;1;0;-28;9,9;-18;
2025-09-05 07:45:00.0;-17,2;1;0;-28,1;10;-18,1;
2025-09-05 07:50:00.0;-17,2;1;0;-28;9,9;-18,1;
2025-09-05 07:55:00.0;-17,2;1;0;-28,1;10;-18,2;
2025-09-05 08:00:00.0;-17;1;0;-27,9;9,8;-18,1;
2025-09-05 08:05:00.0;-16,5;1;0;-27,4;10,2;-17,2;
2025-09-05 08:10:00.0;-16,7;1;1;-32,5;14,2;-18,2;
2025-09-05 08:15:00.0;-15,3;0;1;-30,1;15,4;-14,7;
2025-09-05 08:20:00.0;-14,3;0;1;-27,2;13,6;-13,5;
2025-09-05 08:25:00.0;-13,1;0;1;-26,1;14,1;-12;
2025-09-05 08:30:00.0;-10,3;0;1;-24,5;14,3;-10,2;
2025-09-05 08:35:00.0;-10,1;0;1;-25,2;16,5;-8,7;
2025-09-05 08:40:00.0;-10,1;0;1;-23,3;16,3;-7;
2025-09-05 08:45:00.0;-9;0;1;-24,7;19,1;-5,5;
2025-09-05 08:50:00.0;-9,2;0;1;-23,2;18,6;-4,6;
2025-09-05 08:55:00.0;-8,8;0;1;-22,9;19,1;-3,8;
2025-09-05 09:00:00.0;-10,9;0;0;-34,3;37,1;2,8;
2025-09-05 09:05:00.0;-12,3;1;0;-26,4;14,7;-11,7;
2025-09-05 09:10:00.0;-12,7;1;0;-25,2;12,9;-12,4;
2025-09-05 09:15:00.0;-12,7;1;0;-24,1;11,5;-12,6;
2025-09-05 09:20:00.0;-12,5;1;0;-23,5;11,1;-12,4;
2025-09-05 09:25:00.0;-12,4;1;0;-23,4;11,1;-12,3;
2025-09-05 09:30:00.0;-12,2;1;0;-23,5;11,3;-12,1;
2025-09-05 09:35:00.0;-11,2;1;0;-24;12,9;-11,1;
2025-09-05 09:40:00.0;-11,4;1;0;-23,2;11,9;-11,4;
2025-09-05 09:45:00.0;-11,2;1;0;-23,7;12,5;-11,2;
2025-09-05 09:50:00.0;-11,5;1;0;-23,4;11,7;-11,6;
2025-09-05 09:55:00.0;-11,2;1;0;-23,1;11,6;-11,5;
2025-09-05 10:00:00.0;-11,1;1;0;-23,3;12;-11,3;
2025-09-05 10:05:00.0;-11,2;1;0;-23,5;12;-11,4;
2025-09-05 10:10:00.0;-11,3;1;0;-23,7;12;-11,7;
2025-09-05 10:15:00.0;-11,4;1;0;-23,6;11,8;-11,7;
2025-09-05 10:20:00.0;-11,4;1;0;-23,6;11,8;-11,8;
2025-09-05 10:25:00.0;-11,8;1;0;-23,9;11,9;-12;
2025-09-05 10:30:00.0;-12,8;1;0;-24,5;11,3;-13,2;
2025-09-05 10:35:00.0;-13,8;1;0;-25,1;10,7;-14,4;
2025-09-05 10:40:00.0;-14,2;1;0;-25,4;10,4;-15;
2025-09-05 10:45:00.0;-12,7;1;0;-24,4;11;-13,4;
2025-09-05 10:50:00.0;-12,3;1;0;-24;11,2;-12,8;
2025-09-05 10:55:00.0;-11,9;1;0;-24,2;11,8;-12,4;
2025-09-05 11:00:00.0;-11,9;1;0;-24,2;11,9;-12,3;
2025-09-05 11:05:00.0;-11,7;1;0;-24;11,8;-12,2;
2025-09-05 11:10:00.0;-11,8;1;0;-24,1;11,9;-12,2;
2025-09-05 11:15:00.0;-11,8;1;0;-24,1;11,9;-12,2;
2025-09-05 11:20:00.0;-11,9;1;0;-24,3;11,9;-12,4;
2025-09-05 11:25:00.0;-12,6;1;0;-24,8;11,7;-13,2;
2025-09-05 11:30:00.0;-13,4;1;0;-25,2;11,1;-14,1;
2025-09-05 11:35:00.0;-13,9;1;0;-25,5;10,7;-14,7;
2025-09-05 11:40:00.0;-14,5;1;0;-25,7;10,3;-15,3;
2025-09-05 11:45:00.0;-14;1;0;-25,4;10,2;-15,2;
2025-09-05 11:50:00.0;-13,2;1;0;-25;11,2;-13,9;
2025-09-05 11:55:00.0;-14,1;1;0;-25,6;10,7;-14,9;
2025-09-05 12:00:00.0;-14,3;1;0;-25,5;10,3;-15,2;
2025-09-05 12:05:00.0;-14,9;1;0;-26,2;10,5;-15,7;
2025-09-05 12:10:00.0;-14,9;1;1;-29,7;12,9;-16,7;
2025-09-05 12:15:00.0;-12,8;0;1;-30,6;17,1;-13,5;
2025-09-05 12:20:00.0;-12,4;0;1;-28,6;15,9;-12,8;
2025-09-05 12:25:00.0;-11,2;0;1;-26,5;15,9;-10,6;
2025-09-05 12:30:00.0;-9;0;1;-25,3;16,6;-8,7;
2025-09-05 12:35:00.0;-8,8;0;1;-26,1;18,7;-7,3;
2025-09-05 12:40:00.0;-8,5;0;1;-24,1;18,3;-5,8;
2025-09-05 12:45:00.0;-8,6;0;1;-25,2;20,2;-5;
2025-09-05 12:50:00.0;-8;0;1;-23,9;20,5;-3,5;
2025-09-05 12:55:00.0;-8,2;0;1;-24,8;21,7;-3,1;
2025-09-05 13:00:00.0;-10,6;0;0;-31;32;1,1;
2025-09-05 13:05:00.0;-11,3;1;0;-27;16,7;-10,3;
2025-09-05 13:10:00.0;-12;1;0;-24,4;12,7;-11,7;
2025-09-05 13:15:00.0;-12;1;0;-23,3;11,4;-11,9;
2025-09-05 13:20:00.0;-11,8;1;0;-23,1;11,4;-11,7;
2025-09-05 13:25:00.0;-10,6;1;0;-24;13,6;-10,5;
2025-09-05 13:30:00.0;-11,1;1;0;-22,2;11,3;-10,9;
2025-09-05 13:35:00.0;-10,9;1;0;-22,2;11,4;-10,8;
2025-09-05 13:40:00.0;-11;1;0;-23,6;12,7;-10,9;
2025-09-05 13:45:00.0;-11,1;1;0;-23,5;12,5;-11,1;
2025-09-05 13:50:00.0;-11;1;0;-23,2;12;-11,3;
2025-09-05 13:55:00.0;-11,6;1;0;-23,7;12,1;-11,5;
2025-09-05 14:00:00.0;-12,6;1;0;-24,2;11,4;-12,8;
2025-09-05 14:05:00.0;-13,3;1;0;-24,6;10,9;-13,7;
2025-09-05 14:10:00.0;-13,8;1;0;-24,9;10,7;-14,3;
2025-09-05 14:15:00.0;-14,2;1;0;-25,2;10,4;-14,8;
2025-09-05 14:20:00.0;-14,6;1;0;-25,3;10,1;-15,2;
2025-09-05 14:25:00.0;-14,9;1;0;-25,4;10,1;-15,4;
2025-09-05 14:30:00.0;-15,1;1;0;-25,7;10;-15,6;
2025-09-05 14:35:00.0;-15,2;1;0;-25,7;10;-15,8;
2025-09-05 14:40:00.0;-15,4;1;0;-25,7;9,8;-15,9;
2025-09-05 14:45:00.0;-15,5;1;0;-26,1;10;-16,1;
2025-09-05 14:50:00.0;-15,6;1;0;-26,3;10,1;-16,2;
2025-09-05 14:55:00.0;-15,6;1;0;-26,2;10;-16,3;
2025-09-05 15:00:00.0;-15,7;1;0;-26,3;9,9;-16,4;
2025-09-05 15:05:00.0;-15,7;1;0;-26,4;10;-16,3;
2025-09-05 15:10:00.0;-15,3;1;0;-26;9,9;-16,2;
2025-09-05 15:15:00.0;-13,7;1;0;-24,9;10,4;-14,4;
2025-09-05 15:20:00.0;-13,4;1;0;-24,7;10,9;-13,8;
2025-09-05 15:25:00.0;-14,1;1;0;-25,2;10,2;-14,9;
2025-09-05 15:30:00.0;-12,8;1;0;-24,3;11;-13,3;
2025-09-05 15:35:00.0;-12,4;1;0;-24,2;11,4;-12,9;
2025-09-05 15:40:00.0;-13;1;0;-24,8;11,4;-13,4;
2025-09-05 15:45:00.0;-14,2;1;0;-25,1;10,2;-14,9;
2025-09-05 15:50:00.0;-14,6;1;0;-25,8;10,5;-15,3;
2025-09-05 15:55:00.0;-15;1;0;-26;10,2;-15,7;
2025-09-05 16:00:00.0;-14,3;1;0;-25,4;10;-15,4;
2025-09-05 16:05:00.0;-12,7;1;0;-24,4;10,9;-13,5;
2025-09-05 16:10:00.0;-13,8;1;1;-26,7;11,8;-14,9;
2025-09-05 16:15:00.0;-12,8;1;1;-30,8;18,3;-12,5;
2025-09-05 16:20:00.0;-12,3;0;1;-28,8;17;-11,8;
2025-09-05 16:25:00.0;-11,4;0;1;-27,3;16,7;-10,5;
2025-09-05 16:30:00.0;-10;0;1;-25,5;17,4;-8,1;
2025-09-05 16:35:00.0;-8,2;0;1;-25,5;19,1;-6,5;
2025-09-05 16:40:00.0;-8;0;1;-26,1;20,8;-5,4;
2025-09-05 16:45:00.0;-6,7;0;1;-24,4;20,6;-3,9;
2025-09-05 16:50:00.0;-6,3;0;1;-26,4;23,1;-3,2;
2025-09-05 16:55:00.0;-5,5;0;1;-24,8;23;-1,8;
2025-09-05 17:00:00.0;-7,1;1;0;-28,8;29,8;1;
2025-09-05 17:05:00.0;-7,9;1;0;-24,2;17,1;-7,1;
2025-09-05 17:10:00.0;-9,6;1;0;-22,7;13,4;-9,3;
2025-09-05 17:15:00.0;-10,3;1;0;-23,9;13,7;-10,2;
2025-09-05 17:20:00.0;-10,3;1;0;-23,5;13,4;-10,1;
2025-09-05 17:25:00.0;-10,4;1;0;-23,5;13,2;-10,3;
2025-09-05 17:30:00.0;-10,4;1;0;-23,5;13,1;-10,4;
2025-09-05 17:35:00.0;-10,4;1;0;-23,5;13,1;-10,4;
2025-09-05 17:40:00.0;-7,9;1;0;-23,2;15,2;-8;
2025-09-05 17:45:00.0;-9,1;1;0;-15,5;7;-8,5;
2025-09-05 17:50:00.0;-9,6;1;0;-25,9;16,5;-9,4;
2025-09-05 17:55:00.0;-10,7;1;0;-24,5;14;-10,6;
2025-09-05 18:00:00.0;-12,3;1;0;-24,4;11,9;-12,6;
2025-09-05 18:05:00.0;-13;1;0;-24,8;11,5;-13,4;
2025-09-05 18:10:00.0;-13,4;1;0;-25,1;11,1;-13,9;
2025-09-05 18:15:00.0;-13,8;1;0;-25,2;10,9;-14,4;
2025-09-05 18:20:00.0;-14,2;1;0;-25,4;10,6;-14,8;
2025-09-05 18:25:00.0;-14,6;1;0;-25,7;10,5;-15,2;
2025-09-05 18:30:00.0;-13;1;0;-24,5;10,6;-13,9;
2025-09-05 18:35:00.0;-12,2;1;0;-24,3;11,6;-12,7;
2025-09-05 18:40:00.0;-12;1;0;-24,3;11,9;-12,3;
2025-09-05 18:45:00.0;-11,8;1;0;-24,2;12;-12,2;
2025-09-05 18:50:00.0;-11,8;1;0;-23,9;11,7;-12,2;
2025-09-05 18:55:00.0;-12;1;0;-24,7;12,3;-12,4;
2025-09-05 19:00:00.0;-13;1;0;-25,2;11,6;-13,6;
2025-09-05 19:05:00.0;-13,7;1;0;-25,4;11;-14,4;
2025-09-05 19:10:00.0;-14,1;1;0;-25,6;10,6;-15;
2025-09-05 19:15:00.0;-14,5;1;0;-25,8;10,5;-15,3;
2025-09-05 19:20:00.0;-14,7;1;0;-26;10,4;-15,6;
2025-09-05 19:25:00.0;-15;1;0;-26,1;10,3;-15,8;
2025-09-05 19:30:00.0;-15,2;1;0;-26,2;10,2;-16;
2025-09-05 19:35:00.0;-15;1;0;-26,1;10,1;-16;
2025-09-05 19:40:00.0;-12,8;1;0;-24,8;11,1;-13,7;
2025-09-05 19:45:00.0;-12,3;1;0;-24,6;11,7;-13;
2025-09-05 19:50:00.0;-13,3;1;0;-25,4;11,4;-14;
2025-09-05 19:55:00.0;-14,4;1;0;-25,9;10,7;-15,3;
2025-09-05 20:00:00.0;-12,9;1;0;-25,1;11,1;-14;
2025-09-05 20:05:00.0;-12,2;1;0;-24,7;11,8;-12,9;
2025-09-05 20:10:00.0;-12;1;1;-24,7;12,2;-12,6;
2025-09-05 20:15:00.0;-10,9;0;1;-31,8;20,9;-10,9;
2025-09-05 20:20:00.0;-9,5;0;1;-28,3;18,5;-9,8;
2025-09-05 20:25:00.0;-8,4;0;1;-27;18,7;-8,3;
2025-09-05 20:30:00.0;-7,4;0;1;-26,1;19,5;-6,6;
2025-09-05 20:35:00.0;-7,3;0;1;-26,7;21,3;-5,3;
2025-09-05 20:40:00.0;-7,4;0;1;-25;21,7;-3,3;
2025-09-05 20:45:00.0;-9,2;1;0;-26,2;20,2;-5,9;
2025-09-05 20:50:00.0;-10,4;1;0;-24,8;14,8;-10;
2025-09-05 20:55:00.0;-10,9;1;0;-23,6;12,8;-10,8;
2025-09-05 21:00:00.0;-11,1;1;0;-23,8;12,8;-11,1;
2025-09-05 21:05:00.0;-11;1;0;-23,3;12,4;-10,9;
2025-09-05 21:10:00.0;-10,9;1;0;-23,3;12,3;-10,9;
2025-09-05 21:15:00.0;-10,9;1;0;-23,1;12,2;-10,9;
2025-09-05 21:20:00.0;-10,9;1;0;-23,2;12,3;-10,9;
2025-09-05 21:25:00.0;-10,9;1;0;-23,3;12,3;-11;
2025-09-05 21:30:00.0;-10,8;1;0;-23,3;12,4;-10,9;
2025-09-05 21:35:00.0;-11,1;1;0;-23,6;12,3;-11,3;
2025-09-05 21:40:00.0;-12,4;1;0;-24,2;11,6;-12,6;
2025-09-05 21:45:00.0;-12,8;1;0;-24,3;11;-13,4;
2025-09-05 21:50:00.0;-13,2;1;0;-24,7;11,2;-13,5;
2025-09-05 21:55:00.0;-13,7;1;0;-24,9;10,7;-14,2;
2025-09-05 22:00:00.0;-14,2;1;0;-25,3;10,6;-14,7;
2025-09-05 22:05:00.0;-14,5;1;0;-25,4;10,4;-15,1;
2025-09-05 22:10:00.0;-14,9;1;0;-25,7;10,2;-15,4;
2025-09-05 22:15:00.0;-15;1;0;-25,7;10,1;-15,6;
2025-09-05 22:20:00.0;-15,1;1;0;-25,9;10,1;-15,7;
2025-09-05 22:25:00.0;-15,3;1;0;-26;10,1;-15,9;
2025-09-05 22:30:00.0;-15,4;1;0;-26,1;10;-16,1;
2025-09-05 22:35:00.0;-15,5;1;0;-26,2;10;-16,3;
2025-09-05 22:40:00.0;-15,6;1;0;-26,3;10;-16,3;
2025-09-05 22:45:00.0;-15,7;1;0;-26,4;10;-16,4;
2025-09-05 22:50:00.0;-15,8;1;0;-26,4;9,9;-16,5;
2025-09-05 22:55:00.0;-15,9;1;0;-26,6;10;-16,6;
2025-09-05 23:00:00.0;-16;1;0;-26,7;10;-16,7;
2025-09-05 23:05:00.0;-16;1;0;-26,6;9,9;-16,8;
2025-09-05 23:10:00.0;-16,1;1;0;-26,9;10,1;-16,8;
2025-09-05 23:15:00.0;-16,2;1;0;-26,9;10;-16,9;
2025-09-05 23:20:00.0;-16,3;1;0;-26,9;9,9;-17;
2025-09-05 23:25:00.0;-16,3;1;0;-27;10;-17,1;
2025-09-05 23:30:00.0;-16,4;1;0;-27,1;10;-17,1;
2025-09-05 23:35:00.0;-16,4;1;0;-27,2;10;-17,2;
2025-09-05 23:40:00.0;-16,5;1;0;-27,2;10;-17,2;
2025-09-05 23:45:00.0;-16,5;1;0;-27,2;9,9;-17,3;
2025-09-05 23:50:00.0;-16,5;1;0;-27,2;9,9;-17,3;
2025-09-05 23:55:00.0;-16,6;1;0;-27,4;10;-17,4;
2025-09-06 00:00:00.0;-16,6;1;0;-27,4;9,9;-17,4;
2025-09-06 00:05:00.0;-16,6;1;0;-27,4;9,9;-17,5;
2025-09-06 00:10:00.0;-16,7;1;0;-27,6;10;-17,6;
2025-09-06 00:15:00.0;-16,8;1;0;-27,6;10;-17,6;
2025-09-06 00:20:00.0;-16,8;1;0;-27,6;10;-17,6;
2025-09-06 00:25:00.0;-16,9;1;0;-27,6;10;-17,6;
2025-09-06 00:30:00.0;-16,9;1;0;-27,7;10,1;-17,7;
2025-09-06 00:35:00.0;-16,9;1;0;-27,8;10;-17,7;
2025-09-06 00:40:00.0;-16,9;1;0;-27,7;9,9;-17,8;
2025-09-06 00:45:00.0;-17;1;0;-28;10,1;-17,8;
2025-09-06 00:50:00.0;-17;1;0;-27,8;9,9;-17,9;
2025-09-06 00:55:00.0;-17,1;1;0;-28;10;-17,9;
2025-09-06 01:00:00.0;-17,1;1;0;-27,9;9,9;-18;
2025-09-06 01:05:00.0;-17,1;1;0;-28;10;-18;
2025-09-06 01:10:00.0;-17,1;1;0;-28;10;-18;
2025-09-06 01:15:00.0;-17,2;1;0;-28;9,9;-18;
2025-09-06 01:20:00.0;-17,2;1;0;-28,1;10,1;-18;
2025-09-06 01:25:00.0;-17,2;1;0;-28,1;10;-18,1;
2025-09-06 01:30:00.0;-17,2;1;0;-28,1;10;-18,2;
2025-09-06 01:35:00.0;-17,3;1;0;-28,1;10;-18,2;
2025-09-06 01:40:00.0;-17,3;1;0;-28,3;10;-18,2;
2025-09-06 01:45:00.0;-17,3;1;0;-28,3;10;-18,3;
2025-09-06 01:50:00.0;-17,3;1;0;-28,3;10;-18,3;
2025-09-06 01:55:00.0;-17,4;1;0;-28,4;10,1;-18,3;
2025-09-06 02:00:00.0;-17,4;1;0;-28,4;10;-18,4;
2025-09-06 02:05:00.0;-17,5;1;0;-28,4;10;-18,4;
2025-09-06 02:10:00.0;-17,5;1;0;-28,5;10,1;-18,4;
2025-09-06 02:15:00.0;-17,5;1;0;-28,4;10;-18,5;
2025-09-06 02:20:00.0;-17,5;1;0;-28,5;10;-18,5;
2025-09-06 02:25:00.0;-17,6;1;0;-28,5;10;-18,5;
2025-09-06 02:30:00.0;-17,5;1;0;-28,5;10;-18,6;
2025-09-06 02:35:00.0;-17,6;1;0;-28,6;10;-18,6;
2025-09-06 02:40:00.0;-17,6;1;0;-28,6;10;-18,6;
2025-09-06 02:45:00.0;-17,7;1;0;-28,6;10;-18,6;
2025-09-06 02:50:00.0;-17,7;1;0;-28,7;10;-18,7;
2025-09-06 02:55:00.0;-17,7;1;0;-28,7;10;-18,7;
2025-09-06 03:00:00.0;-17,7;1;0;-28,7;10;-18,7;
2025-09-06 03:05:00.0;-17,7;1;0;-28,7;10;-18,8;
2025-09-06 03:10:00.0;-17,8;1;0;-28,8;10;-18,8;
2025-09-06 03:15:00.0;-17,8;1;0;-28,8;10;-18,8;
2025-09-06 03:20:00.0;-17,8;1;0;-28,8;10;-18,8;
2025-09-06 03:25:00.0;-17,8;1;0;-28,8;10;-18,9;
2025-09-06 03:30:00.0;-17,9;1;0;-28,9;10;-18,9;
2025-09-06 03:35:00.0;-17,9;1;0;-28,9;10;-19;
2025-09-06 03:40:00.0;-17,9;1;0;-29;10;-19;
2025-09-06 03:45:00.0;-17,9;1;0;-29;10;-19;
2025-09-06 03:50:00.0;-18;1;0;-29;10;-19;
2025-09-06 03:55:00.0;-18;1;0;-29,1;10;-19,1;
2025-09-06 04:00:00.0;-18;1;0;-29,1;10;-19,1;
2025-09-06 04:05:00.0;-18,1;1;0;-28,9;9,7;-19,1;
2025-09-06 04:10:00.0;-17,9;1;1;-28,4;9,5;-18,8;
2025-09-06 04:15:00.0;-16,3;1;1;-28,5;13;-15,5;
2025-09-06 04:20:00.0;-15,5;0;1;-27;12,3;-14,7;
2025-09-06 04:25:00.0;-14,6;0;1;-25,7;12,6;-13,1;
2025-09-06 04:30:00.0;-13,5;0;1;-24,5;13;-11,6;
2025-09-06 04:35:00.0;-12,2;0;1;-23,6;13,7;-10;
2025-09-06 04:40:00.0;-11,2;0;1;-22,7;15,1;-7,6;
2025-09-06 04:45:00.0;-10,9;0;1;-22,6;15,9;-6,7;
2025-09-06 04:50:00.0;-10,2;0;1;-34;32,8;-1,1;
2025-09-06 04:55:00.0;-10;0;1;-34,5;32,9;-1,6;
2025-09-06 05:00:00.0;-12,1;1;0;-29,6;24,6;-4,9;
2025-09-06 05:05:00.0;-13;1;0;-25,4;13,5;-11,9;
2025-09-06 05:10:00.0;-13,4;1;0;-26,7;13,7;-13,1;
2025-09-06 05:15:00.0;-13,6;1;0;-26,2;12,8;-13,4;
2025-09-06 05:20:00.0;-13,6;1;0;-25;11,5;-13,5;
2025-09-06 05:25:00.0;-13,4;1;0;-24;10,7;-13,3;
2025-09-06 05:30:00.0;-13,2;1;0;-24,1;10,9;-13,2;
2025-09-06 05:35:00.0;-13;1;0;-24,1;11;-13,1;
2025-09-06 05:40:00.0;-12,9;1;0;-24,1;11,1;-13;
2025-09-06 05:45:00.0;-12,8;1;0;-24;11,1;-12,9;
2025-09-06 05:50:00.0;-12,7;1;0;-24,1;11,2;-12,9;
2025-09-06 05:55:00.0;-14,2;1;0;-25;10,5;-14,5;
2025-09-06 06:00:00.0;-15,1;1;0;-25,5;10,1;-15,4;
2025-09-06 06:05:00.0;-15,6;1;0;-25,9;9,9;-16;
2025-09-06 06:10:00.0;-16,1;1;0;-26,4;9,8;-16,6;
2025-09-06 06:15:00.0;-16,3;1;0;-26,6;9,8;-16,8;
2025-09-06 06:20:00.0;-16,6;1;0;-27;10;-17;
2025-09-06 06:25:00.0;-16,8;1;0;-27,2;10;-17,3;
2025-09-06 06:30:00.0;-16,9;1;0;-27,2;9,8;-17,4;
2025-09-06 06:35:00.0;-17,1;1;0;-27,7;10,1;-17,6;
2025-09-06 06:40:00.0;-17,1;1;0;-27,7;10;-17,7;
2025-09-06 06:45:00.0;-17,3;1;0;-27,7;9,9;-17,8;
2025-09-06 06:50:00.0;-17,4;1;0;-27,9;10;-17,9;
2025-09-06 06:55:00.0;-17;1;0;-27,5;9,8;-17,8;
2025-09-06 07:00:00.0;-16,3;1;0;-27;10,4;-16,6;
2025-09-06 07:05:00.0;-16,8;1;0;-27,4;10,1;-17,3;
2025-09-06 07:10:00.0;-17,1;1;0;-27,6;10;-17,6;
2025-09-06 07:15:00.0;-17,3;1;0;-27,8;9,9;-17,8;
2025-09-06 07:20:00.0;-17,4;1;0;-27,9;9,8;-18;
2025-09-06 07:25:00.0;-17,6;1;0;-28,2;10,1;-18,1;
2025-09-06 07:30:00.0;-17,7;1;0;-28,2;10;-18,3;
2025-09-06 07:35:00.0;-17,7;1;0;-28,3;9,9;-18,3;
2025-09-06 07:40:00.0;-17,8;1;0;-28,3;9,9;-18,4;
2025-09-06 07:45:00.0;-17,9;1;0;-28,4;9,9;-18,5;
2025-09-06 07:50:00.0;-17,9;1;0;-28,5;9,9;-18,5;
2025-09-06 07:55:00.0;-17,9;1;0;-28,5;10;-18,5;
2025-09-06 08:00:00.0;-17,8;1;0;-28,5;10,1;-18,4;
2025-09-06 08:05:00.0;-16,1;1;0;-27,2;10,2;-16,9;
2025-09-06 08:10:00.0;-15,2;1;0;-26,1;10,6;-15,6;
2025-09-06 08:15:00.0;-14,2;1;0;-25,3;10,6;-14,8;
2025-09-06 08:20:00.0;-13,6;1;0;-24,6;10,5;-14,1;
2025-09-06 08:25:00.0;-13,7;1;0;-24,9;10,6;-14,2;
2025-09-06 08:30:00.0;-13,6;1;0;-24,8;10,8;-14;
2025-09-06 08:35:00.0;-13,5;1;0;-24,9;10,8;-14;
2025-09-06 08:40:00.0;-13,2;1;0;-24,7;10,9;-13,7;
2025-09-06 08:45:00.0;-13,1;1;0;-24,6;11;-13,6;
2025-09-06 08:50:00.0;-14,1;1;0;-25,4;10,8;-14,6;
2025-09-06 08:55:00.0;-15;1;0;-25,8;10,1;-15,6;
2025-09-06 09:00:00.0;-15,6;1;0;-26,3;10;-16,3;
2025-09-06 09:05:00.0;-15,8;1;0;-26,5;9,8;-16,7;
2025-09-06 09:10:00.0;-15,7;1;0;-26,4;9,7;-16,7;
2025-09-06 09:15:00.0;-14,7;1;0;-25,8;10,6;-15,2;
2025-09-06 09:20:00.0;-15,5;1;0;-26,3;10,1;-16,2;
2025-09-06 09:25:00.0;-15,9;1;0;-26,6;9,9;-16,8;
2025-09-06 09:30:00.0;-16,2;1;0;-26,9;9,8;-17,1;
2025-09-06 09:35:00.0;-16,6;1;0;-27,4;9,9;-17,5;
2025-09-06 09:40:00.0;-16,5;1;0;-27,4;10;-17,4;
2025-09-06 09:45:00.0;-16,7;1;0;-27,4;9,7;-17,7;
2025-09-06 09:50:00.0;-16,6;1;0;-27,6;10;-17,7;
2025-09-06 09:55:00.0;-15,2;1;0;-26,5;10,2;-16,3;
2025-09-06 10:00:00.0;-15,6;1;0;-26,4;10,1;-16,3;
2025-09-06 10:05:00.0;-16,1;1;0;-26,9;9,9;-17;
2025-09-06 10:10:00.0;-15;1;0;-26,3;10,1;-16,2;
2025-09-06 10:15:00.0;-13,9;1;0;-25,5;10,7;-14,8;
2025-09-06 10:20:00.0;-14,8;1;0;-26;10,2;-15,8;
2025-09-06 10:25:00.0;-14,9;1;0;-26,1;10,1;-16;
2025-09-06 10:30:00.0;-14,9;1;0;-25,8;10,2;-15,7;
2025-09-06 10:35:00.0;-15,5;1;0;-26,5;10;-16,5;
2025-09-06 10:40:00.0;-15,1;1;0;-26,3;9,9;-16,4;
2025-09-06 10:45:00.0;-15,4;1;0;-26,5;10,2;-16,3;
2025-09-06 10:50:00.0;-15,9;1;0;-26,9;9,9;-17;
2025-09-06 10:55:00.0;-15,5;1;0;-26,4;10;-16,5;
2025-09-06 11:00:00.0;-16;1;0;-27,1;9,9;-17,2;
2025-09-06 11:05:00.0;-16,4;1;0;-27,5;9,7;-17,7;
2025-09-06 11:10:00.0;-16,7;1;0;-28;10;-18;
2025-09-06 11:15:00.0;-16,6;1;0;-27,9;9,8;-18,1;
2025-09-06 11:20:00.0;-14,7;1;0;-26,2;10,5;-15,7;
2025-09-06 11:25:00.0;-15,6;1;0;-26,5;9,9;-16,6;
2025-09-06 11:30:00.0;-16,2;1;0;-27,5;10;-17,5;
2025-09-06 11:35:00.0;-16,5;1;0;-27,8;9,9;-18;
2025-09-06 11:40:00.0;-16,8;1;0;-28;9,8;-18,2;
2025-09-06 11:45:00.0;-16,9;1;0;-28,2;9,9;-18,4;
2025-09-06 11:50:00.0;-17,1;1;0;-28,5;9,9;-18,6;
2025-09-06 11:55:00.0;-17,2;1;0;-28,5;9,8;-18,6;
2025-09-06 12:00:00.0;-17,3;1;0;-28,8;10,1;-18,8;
2025-09-06 12:05:00.0;-17,4;1;0;-28,9;10;-18,9;
2025-09-06 12:10:00.0;-17,5;1;1;-28,9;9,9;-19;
2025-09-06 12:15:00.0;-16,4;0;1;-28,2;12,2;-16;
2025-09-06 12:20:00.0;-15,7;0;1;-26,6;11,2;-15,4;
2025-09-06 12:25:00.0;-15,1;0;1;-25,4;11,4;-14;
2025-09-06 12:30:00.0;-14;0;1;-24,4;11,9;-12,5;
2025-09-06 12:35:00.0;-11,6;0;1;-23;12,2;-10,8;
2025-09-06 12:40:00.0;-10,4;0;1;-24,3;15,6;-8,6;
2025-09-06 12:45:00.0;-10,5;0;1;-22,1;15;-7,1;
2025-09-06 12:50:00.0;-10,2;0;1;-33,6;30,9;-2,7;
2025-09-06 12:55:00.0;-10;0;1;-32,8;30;-2,8;
2025-09-06 13:00:00.0;-12,1;1;0;-29,5;25,2;-4,3;
2025-09-06 13:05:00.0;-13;1;0;-27,4;15,3;-12,1;
2025-09-06 13:10:00.0;-13,6;1;0;-26,5;13,1;-13,3;
2025-09-06 13:15:00.0;-13,8;1;0;-25,4;11,6;-13,8;
2025-09-06 13:20:00.0;-13,8;1;0;-24,8;10,9;-13,9;
2025-09-06 13:25:00.0;-13,6;1;0;-24;10,4;-13,6;
2025-09-06 13:30:00.0;-13,4;1;0;-24,1;10,7;-13,4;
2025-09-06 13:35:00.0;-13,2;1;0;-24,1;10,9;-13,2;
2025-09-06 13:40:00.0;-13,1;1;0;-24;10,9;-13,1;
2025-09-06 13:45:00.0;-12,9;1;0;-24,1;11,1;-13;
2025-09-06 13:50:00.0;-11,9;1;0;-23,6;11,4;-12,2;
2025-09-06 13:55:00.0;-13,7;1;0;-24,7;10,8;-13,9;
2025-09-06 14:00:00.0;-14,5;1;0;-25,1;10,2;-14,9;
2025-09-06 14:05:00.0;-14;1;0;-25;10,7;-14,3;
2025-09-06 14:10:00.0;-15,3;1;0;-25,7;10;-15,8;
2025-09-06 14:15:00.0;-15,7;1;0;-26,2;9,9;-16,3;
2025-09-06 14:20:00.0;-13,8;1;0;-24,8;10,4;-14,5;
2025-09-06 14:25:00.0;-14,8;1;0;-25,5;10,3;-15,2;
2025-09-06 14:30:00.0;-15,4;1;0;-26;9,9;-16;
2025-09-06 14:35:00.0;-14,1;1;0;-25,2;10,2;-14,9;
2025-09-06 14:40:00.0;-14,4;1;0;-25,4;10,5;-14,8;
2025-09-06 14:45:00.0;-15,3;1;0;-26;10,2;-15,9;
2025-09-06 14:50:00.0;-15,3;1;0;-26,1;10;-16,1;
2025-09-06 14:55:00.0;-15,5;1;0;-26,2;10,1;-16,2;
2025-09-06 15:00:00.0;-16;1;0;-26,7;10;-16,7;
2025-09-06 15:05:00.0;-16,3;1;0;-26,9;9,8;-17,1;
2025-09-06 15:10:00.0;-16,5;1;0;-27,1;9,8;-17,3;
2025-09-06 15:15:00.0;-16,7;1;0;-27,4;9,9;-17,5;
2025-09-06 15:20:00.0;-16,9;1;0;-27,6;9,9;-17,7;
2025-09-06 15:25:00.0;-17;1;0;-27,7;9,8;-17,8;
2025-09-06 15:30:00.0;-17,1;1;0;-28;10,1;-18;
2025-09-06 15:35:00.0;-17,3;1;0;-28,1;10;-18,1;
2025-09-06 15:40:00.0;-17,4;1;0;-28,1;9,9;-18,2;
2025-09-06 15:45:00.0;-17,4;1;0;-28,3;10;-18,3;
2025-09-06 15:50:00.0;-17,5;1;0;-28,3;10;-18,4;
2025-09-06 15:55:00.0;-17,5;1;0;-28,5;10;-18,5;
2025-09-06 16:00:00.0;-15,4;1;0;-26,5;10,4;-16,1;
2025-09-06 16:05:00.0;-14,2;1;0;-25,5;10,6;-14,9;
2025-09-06 16:10:00.0;-13,9;1;0;-25,4;10,8;-14,6;
2025-09-06 16:15:00.0;-14,5;1;0;-25,7;10,6;-15,1;
2025-09-06 16:20:00.0;-15,4;1;0;-26,3;10,2;-16,2;
2025-09-06 16:25:00.0;-16,1;1;0;-26,8;9,8;-17;
2025-09-06 16:30:00.0;-16,3;1;0;-27,1;9,9;-17,2;
2025-09-06 16:35:00.0;-15;1;0;-25,9;10,2;-15,8;
2025-09-06 16:40:00.0;-14,2;1;0;-25,5;10,5;-15;
2025-09-06 16:45:00.0;-13,8;1;0;-25,3;10,7;-14,7;
2025-09-06 16:50:00.0;-13,6;1;0;-25,4;10,9;-14,5;
2025-09-06 16:55:00.0;-14,2;1;0;-25,7;10,7;-15;
2025-09-06 17:00:00.0;-15,2;1;0;-26,4;10,3;-16;
2025-09-06 17:05:00.0;-15,7;1;0;-26,6;10;-16,6;
2025-09-06 17:10:00.0;-16,2;1;0;-27,2;9,9;-17,3;
2025-09-06 17:15:00.0;-16,5;1;0;-27,4;9,9;-17,6;
2025-09-06 17:20:00.0;-16,7;1;0;-27,7;9,8;-17,8;
2025-09-06 17:25:00.0;-16,9;1;0;-27,9;9,9;-18;
2025-09-06 17:30:00.0;-15;1;0;-26,4;10,4;-15,9;
2025-09-06 17:35:00.0;-14;1;0;-25,6;10,6;-14,9;
2025-09-06 17:40:00.0;-13,7;1;0;-25,6;10,9;-14,7;
2025-09-06 17:45:00.0;-13,6;1;0;-25,5;10,9;-14,6;
2025-09-06 17:50:00.0;-14,9;1;0;-26,3;10,5;-15,7;
2025-09-06 17:55:00.0;-15,8;1;0;-26,8;10;-16,8;
2025-09-06 18:00:00.0;-16,2;1;0;-27,2;9,8;-17,4;
2025-09-06 18:05:00.0;-15,3;1;0;-26,5;10,3;-16,2;
2025-09-06 18:10:00.0;-15,9;1;0;-27;10;-17;
2025-09-06 18:15:00.0;-16,3;1;0;-27,3;9,8;-17,5;
2025-09-06 18:20:00.0;-16,8;1;0;-27,9;9,9;-18;
2025-09-06 18:25:00.0;-16,9;1;0;-28,1;9,9;-18,3;
2025-09-06 18:30:00.0;-17,1;1;0;-28,2;9,8;-18,4;
2025-09-06 18:35:00.0;-17,2;1;0;-28,4;9,9;-18,6;
2025-09-06 18:40:00.0;-17,4;1;0;-28,6;9,8;-18,8;
2025-09-06 18:45:00.0;-17,5;1;0;-28,8;9,9;-18,9;
2025-09-06 18:50:00.0;-17,6;1;0;-28,9;9,9;-19;
2025-09-06 18:55:00.0;-17,7;1;0;-29;10;-19;
2025-09-06 19:00:00.0;-17,7;1;0;-29;9,9;-19,1;
2025-09-06 19:05:00.0;-17,8;1;0;-29,3;10,1;-19,3;
2025-09-06 19:10:00.0;-17,9;1;0;-29,3;10;-19,3;
2025-09-06 19:15:00.0;-18;1;0;-29,4;9,9;-19,5;
2025-09-06 19:20:00.0;-18;1;0;-29,5;10,1;-19,5;
2025-09-06 19:25:00.0;-18,1;1;0;-29,5;9,9;-19,6;
2025-09-06 19:30:00.0;-17,4;1;0;-29,1;10;-19,2;
2025-09-06 19:35:00.0;-15,4;1;0;-27,2;10,7;-16,5;
2025-09-06 19:40:00.0;-14,7;1;0;-26,3;10,6;-15,8;
2025-09-06 19:45:00.0;-14,2;1;0;-26,1;10,7;-15,4;
2025-09-06 19:50:00.0;-15,8;1;0;-27,2;10,1;-17,1;
2025-09-06 19:55:00.0;-16,4;1;0;-27,6;9,8;-17,8;
2025-09-06 20:00:00.0;-16,8;1;0;-28,1;9,8;-18,3;
2025-09-06 20:05:00.0;-17;1;0;-28,4;9,8;-18,6;
2025-09-06 20:10:00.0;-15,2;1;1;-28,7;11,4;-17,3;
2025-09-06 20:15:00.0;-13,1;0;1;-30,4;16,5;-14;
2025-09-06 20:20:00.0;-11,8;0;1;-28,5;15,2;-13,2;
2025-09-06 20:25:00.0;-10,8;0;1;-26,9;15,4;-11,5;
2025-09-06 20:30:00.0;-10,7;0;1;-26,8;16,6;-10,1;
2025-09-06 20:35:00.0;-10,2;0;1;-25,3;17,2;-8;
2025-09-06 20:40:00.0;-9,7;0;1;-24,4;17,7;-6,7;
2025-09-06 20:45:00.0;-9,5;0;1;-25,3;19,6;-5,7;
2025-09-06 20:50:00.0;-9,5;0;1;-24;19,2;-4,8;
2025-09-06 20:55:00.0;-9,5;0;1;-24;19,8;-4,1;
2025-09-06 21:00:00.0;-12;1;0;-29,6;26,9;-2,7;
2025-09-06 21:05:00.0;-12,7;1;0;-27,9;16;-11,9;
2025-09-06 21:10:00.0;-13,3;1;0;-26,4;13,3;-13,1;
2025-09-06 21:15:00.0;-13,6;1;0;-25,3;11,8;-13,5;
2025-09-06 21:20:00.0;-13,6;1;0;-24,4;10,7;-13,6;
2025-09-06 21:25:00.0;-13,4;1;0;-24,1;10,7;-13,4;
2025-09-06 21:30:00.0;-13,2;1;0;-24;10,9;-13,2;
2025-09-06 21:35:00.0;-13,1;1;0;-24;11;-13;
2025-09-06 21:40:00.0;-12,9;1;0;-24;11,1;-13;
2025-09-06 21:45:00.0;-12,8;1;0;-24,2;11,3;-12,9;
2025-09-06 21:50:00.0;-12,7;1;0;-24,3;11,2;-13,1;
2025-09-06 21:55:00.0;-14,2;1;0;-25,2;10,7;-14,5;
2025-09-06 22:00:00.0;-15,1;1;0;-25,6;10,1;-15,5;
2025-09-06 22:05:00.0;-15,9;1;0;-26,3;9,9;-16,4;
2025-09-06 22:10:00.0;-16,2;1;0;-26,5;9,8;-16,8;
2025-09-06 22:15:00.0;-16,5;1;0;-26,9;9,9;-17,1;
2025-09-06 22:20:00.0;-16,7;1;0;-27,1;9,8;-17,3;
2025-09-06 22:25:00.0;-16,9;1;0;-27,4;9,9;-17,5;
2025-09-06 22:30:00.0;-17,1;1;0;-27,7;9,9;-17,7;
2025-09-06 22:35:00.0;-17,2;1;0;-27,7;9,9;-17,9;
2025-09-06 22:40:00.0;-17,3;1;0;-27,9;9,9;-18;
2025-09-06 22:45:00.0;-17,4;1;0;-27,9;9,8;-18,1;
2025-09-06 22:50:00.0;-17,6;1;0;-28,2;10;-18,2;
2025-09-06 22:55:00.0;-17,7;1;0;-28,3;9,9;-18,3;
2025-09-06 23:00:00.0;-17,7;1;0;-28,3;9,9;-18,4;
2025-09-06 23:05:00.0;-17,8;1;0;-28,4;9,9;-18,5;
2025-09-06 23:10:00.0;-17,9;1;0;-28,5;10;-18,5;
2025-09-06 23:15:00.0;-17,9;1;0;-28,6;9,9;-18,6;
2025-09-06 23:20:00.0;-18;1;0;-28,8;10,1;-18,7;
2025-09-06 23:25:00.0;-18,1;1;0;-28,8;10;-18,8;
2025-09-06 23:30:00.0;-18,1;1;0;-28,7;9,9;-18,8;
2025-09-06 23:35:00.0;-18,2;1;0;-28,8;9,9;-18,9;
2025-09-06 23:40:00.0;-18,2;1;0;-28,9;9,9;-18,9;
2025-09-06 23:45:00.0;-18,3;1;0;-28,9;9,9;-19;
2025-09-06 23:50:00.0;-18,3;1;0;-28,9;9,9;-19;
2025-09-06 23:55:00.0;-18,4;1;0;-29,1;10;-19,1;
2025-09-07 00:00:00.0;-18,4;1;0;-29,1;9,9;-19,1;
2025-09-07 00:05:00.0;-18,5;1;0;-29,1;10;-19,2;
2025-09-07 00:10:00.0;-18,5;1;0;-29,2;10;-19,2;
2025-09-07 00:15:00.0;-18,5;1;0;-29,3;10;-19,3;
2025-09-07 00:20:00.0;-18,6;1;0;-29,3;10;-19,3;
2025-09-07 00:25:00.0;-18,7;1;0;-29,3;9,9;-19,4;
2025-09-07 00:30:00.0;-18,7;1;0;-29,3;10;-19,4;
2025-09-07 00:35:00.0;-18,7;1;0;-29,4;10;-19,4;
2025-09-07 00:40:00.0;-18,8;1;0;-29,5;10;-19,5;
2025-09-07 00:45:00.0;-18,8;1;0;-29,5;10;-19,5;
2025-09-07 00:50:00.0;-18,8;1;0;-29,5;10;-19,5;
2025-09-07 00:55:00.0;-18,9;1;0;-29,5;10;-19,5;
2025-09-07 01:00:00.0;-18,9;1;0;-29,6;10;-19,6;
2025-09-07 01:05:00.0;-18,9;1;0;-29,6;10;-19,6;
2025-09-07 01:10:00.0;-18,9;1;0;-29,6;10;-19,7;
2025-09-07 01:15:00.0;-19;1;0;-29,7;10;-19,7;
2025-09-07 01:20:00.0;-19,1;1;0;-29,7;10;-19,7;
2025-09-07 01:25:00.0;-19;1;0;-29,7;10;-19,7;
2025-09-07 01:30:00.0;-19,1;1;0;-29,8;10;-19,8;
2025-09-07 01:35:00.0;-19,1;1;0;-29,8;10;-19,8;
2025-09-07 01:40:00.0;-19,1;1;0;-29,8;10;-19,8;
2025-09-07 01:45:00.0;-19,1;1;0;-29,9;10;-19,9;
2025-09-07 01:50:00.0;-19,2;1;0;-29,9;10;-19,9;
2025-09-07 01:55:00.0;-19,3;1;0;-30;10;-20;
2025-09-07 02:00:00.0;-19,3;1;0;-30;10;-20;
2025-09-07 02:05:00.0;-19,3;1;0;-30;10;-20;
2025-09-07 02:10:00.0;-19,3;1;0;-30;10;-20;
2025-09-07 02:15:00.0;-19,3;1;0;-30;10;-20,1;
2025-09-07 02:20:00.0;-19,4;1;0;-30,1;10;-20,1;
2025-09-07 02:25:00.0;-19,4;1;0;-30,1;10;-20,1;
2025-09-07 02:30:00.0;-19,4;1;0;-30,1;10;-20,1;
2025-09-07 02:35:00.0;-19,4;1;0;-30,1;9,9;-20,1;
2025-09-07 02:40:00.0;-19,5;1;0;-30,1;9,9;-20,1;
2025-09-07 02:45:00.0;-19,5;1;0;-30,1;9,9;-20,2;
2025-09-07 02:50:00.0;-19,5;1;0;-30;9,9;-20,1;
2025-09-07 02:55:00.0;-19,5;1;0;-30,1;10;-20,1;
2025-09-07 03:00:00.0;-19,6;1;0;-30,1;9,9;-20,1;
2025-09-07 03:05:00.0;-19,5;1;0;-30,1;9,9;-20,1;
2025-09-07 03:10:00.0;-19,5;1;0;-30,1;9,9;-20,2;
2025-09-07 03:15:00.0;-19,6;1;0;-30,1;9,9;-20,2;
2025-09-07 03:20:00.0;-19,6;1;0;-30,1;9,9;-20,1;
2025-09-07 03:25:00.0;-19,6;1;0;-30,1;10;-20,1;
2025-09-07 03:30:00.0;-19,6;1;0;-30,1;10;-20,1;
2025-09-07 03:35:00.0;-19,6;1;0;-30,1;9,9;-20,1;
2025-09-07 03:40:00.0;-19,6;1;0;-30,1;10;-20,1;
2025-09-07 03:45:00.0;-19,7;1;0;-30,1;9,9;-20,2;
2025-09-07 03:50:00.0;-19,6;1;0;-30,1;9,9;-20,2;
2025-09-07 03:55:00.0;-19,7;1;0;-30,1;9,9;-20,2;
2025-09-07 04:00:00.0;-19,7;1;0;-30,1;9,9;-20,1;
2025-09-07 04:05:00.0;-19,7;1;0;-30,1;9,9;-20,2;
2025-09-07 04:10:00.0;-19,6;1;0;-29,7;9,7;-20,1;
2025-09-07 04:15:00.0;-19,3;1;0;-28,7;9,1;-19,6;
2025-09-07 04:20:00.0;-19,1;1;0;-29,2;9,8;-19,4;
2025-09-07 04:25:00.0;-19;1;0;-29,2;9,9;-19,3;
2025-09-07 04:30:00.0;-19;1;0;-29,1;9,9;-19,2;
2025-09-07 04:35:00.0;-18,9;1;0;-29,1;10;-19,1;
2025-09-07 04:40:00.0;-18,9;1;0;-28,9;9,8;-19,1;
2025-09-07 04:45:00.0;-18,8;1;0;-29,5;10,4;-19;
2025-09-07 04:50:00.0;-18,9;1;0;-29,3;10,2;-19,1;
2025-09-07 04:55:00.0;-18,8;1;0;-29,2;10,1;-19;
2025-09-07 05:00:00.0;-18,9;1;0;-29,2;10,1;-19,1;
2025-09-07 05:05:00.0;-18,8;1;0;-28,2;9,2;-19;
2025-09-07 05:10:00.0;-18,7;1;0;-30,1;11,2;-18,9;
2025-09-07 05:15:00.0;-19,1;1;0;-30,1;10,7;-19,4;
2025-09-07 05:20:00.0;-19,4;1;0;-30,1;10,3;-19,8;
2025-09-07 05:25:00.0;-19,5;1;0;-30;10,1;-20;
2025-09-07 05:30:00.0;-19,6;1;0;-30,1;10;-20,1;
2025-09-07 05:35:00.0;-19,6;1;0;-30,1;10;-20,1;
2025-09-07 05:40:00.0;-19,7;1;0;-30,1;9,9;-20,2;
2025-09-07 05:45:00.0;-19,7;1;0;-30,1;9,9;-20,2;
2025-09-07 05:50:00.0;-19,7;1;0;-30,1;9,9;-20,2;
2025-09-07 05:55:00.0;-19,8;1;0;-30;9,8;-20,2;
2025-09-07 06:00:00.0;-19,8;1;0;-30;9,8;-20,2;
2025-09-07 06:05:00.0;-19,9;1;0;-30,1;9,9;-20,2;
2025-09-07 06:10:00.0;-19,9;1;0;-30,1;9,9;-20,2;
2025-09-07 06:15:00.0;-19,9;1;0;-30;9,9;-20,2;
2025-09-07 06:20:00.0;-19,9;1;0;-30,1;9,9;-20,2;
2025-09-07 06:25:00.0;-19,9;1;0;-30,1;9,9;-20,2;
2025-09-07 06:30:00.0;-19,9;1;0;-30;9,9;-20,2;
2025-09-07 06:35:00.0;-19,9;1;0;-30,1;9,9;-20,2;
2025-09-07 06:40:00.0;-19,9;1;0;-30;9,9;-20,2;
2025-09-07 06:45:00.0;-20;1;0;-30,1;9,9;-20,2;
2025-09-07 06:50:00.0;-19,9;1;0;-30,1;9,9;-20,1;
2025-09-07 06:55:00.0;-19,9;1;0;-30;9,9;-20,1;
2025-09-07 07:00:00.0;-20;1;0;-30,1;10;-20,1;
2025-09-07 07:05:00.0;-20;1;0;-30;9,9;-20,1;
2025-09-07 07:10:00.0;-20;1;0;-30;9,8;-20,1;
2025-09-07 07:15:00.0;-19,9;1;0;-30;9,9;-20,1;
2025-09-07 07:20:00.0;-19,9;1;0;-30;9,9;-20,1;
2025-09-07 07:25:00.0;-20;1;0;-30;9,9;-20,1;
2025-09-07 07:30:00.0;-20;1;0;-30,1;10;-20,1;
2025-09-07 07:35:00.0;-20;1;0;-30,1;10;-20,1;
2025-09-07 07:40:00.0;-20;1;0;-30,1;10;-20,1;
2025-09-07 07:45:00.0;-20;1;0;-30;9,9;-20,1;
2025-09-07 07:50:00.0;-19,9;1;0;-30;10;-20,1;
2025-09-07 07:55:00.0;-20;1;0;-30,1;10;-20,1;
2025-09-07 08:00:00.0;-20;1;0;-30,1;10;-20,1;
2025-09-07 08:05:00.0;-20;1;0;-30;9,9;-20,1;
2025-09-07 08:10:00.0;-20;1;0;-30;9,9;-20,1;
2025-09-07 08:15:00.0;-19,1;0;1;-28,6;12,5;-16,1;
2025-09-07 08:20:00.0;-18,2;0;1;-22,7;7,4;-15,4;
2025-09-07 08:25:00.0;-17;0;1;-31,2;19,9;-11,3;
2025-09-07 08:30:00.0;-16;0;1;-30,1;19,4;-10,7;
2025-09-07 08:35:00.0;-15,2;0;1;-29,2;19,3;-9,9;
2025-09-07 08:40:00.0;-14,3;0;1;-28,1;19,4;-8,7;
2025-09-07 08:45:00.0;-13,3;0;1;-26,9;19,7;-7,1;
2025-09-07 08:50:00.0;-13,1;0;1;-27,8;21,2;-6,6;
2025-09-07 08:55:00.0;-12,5;0;1;-26,5;20,7;-5,8;
2025-09-07 09:00:00.0;-12,2;0;0;-27,1;34,7;7,2;
2025-09-07 09:05:00.0;-15,6;1;0;-29,7;16,1;-13,6;
2025-09-07 09:10:00.0;-16,3;1;0;-28,7;12,6;-16,1;
2025-09-07 09:15:00.0;-16,4;1;0;-28,1;11,8;-16,3;
2025-09-07 09:20:00.0;-16,4;1;0;-27,4;11,1;-16,3;
2025-09-07 09:25:00.0;-16,2;1;0;-26,7;10,6;-16,1;
2025-09-07 09:30:00.0;-15,9;1;0;-26,3;10,4;-15,9;
2025-09-07 09:35:00.0;-12,6;1;0;-23,9;10,8;-13,1;
2025-09-07 09:40:00.0;-11,3;1;0;-23;11,2;-11,8;
2025-09-07 09:45:00.0;-11;1;0;-23,5;12,1;-11,3;
2025-09-07 09:50:00.0;-11,3;1;0;-22,7;11,6;-11,1;
2025-09-07 09:55:00.0;-13,3;1;0;-24,4;10,9;-13,5;
2025-09-07 10:00:00.0;-13,7;1;0;-24,7;10,6;-14;
2025-09-07 10:05:00.0;-14,1;1;0;-25;10,5;-14,5;
2025-09-07 10:10:00.0;-14,2;1;0;-25,2;10,4;-14,7;
2025-09-07 10:15:00.0;-14,6;1;0;-25,4;10,3;-15,1;
2025-09-07 10:20:00.0;-14,5;1;0;-25,4;10,3;-15,1;
2025-09-07 10:25:00.0;-15,3;1;0;-25,8;10,1;-15,7;
2025-09-07 10:30:00.0;-16,1;1;0;-26,7;9,9;-16,8;
2025-09-07 10:35:00.0;-16,8;1;0;-27,3;9,8;-17,5;
2025-09-07 10:40:00.0;-17,4;1;0;-27,9;9,7;-18,2;
2025-09-07 10:45:00.0;-17,7;1;0;-28,3;9,8;-18,5;
2025-09-07 10:50:00.0;-17,9;1;0;-28,6;9,9;-18,8;
2025-09-07 10:55:00.0;-18,2;1;0;-28,8;9,8;-19;
2025-09-07 11:00:00.0;-18,4;1;0;-29,1;9,9;-19,2;
2025-09-07 11:05:00.0;-18,7;1;0;-29,4;9,9;-19,5;
2025-09-07 11:10:00.0;-18,8;1;0;-29,5;9,8;-19,6;
2025-09-07 11:15:00.0;-18,9;1;0;-29,7;10;-19,7;
2025-09-07 11:20:00.0;-19;1;0;-29,8;9,9;-19,9;
2025-09-07 11:25:00.0;-19,2;1;0;-30;10;-20;
2025-09-07 11:30:00.0;-19,3;1;0;-30;9,9;-20,1;
2025-09-07 11:35:00.0;-19,4;1;0;-30,1;10;-20,1;
2025-09-07 11:40:00.0;-19,5;1;0;-30,1;9,9;-20,2;
2025-09-07 11:45:00.0;-19,5;1;0;-30,1;9,9;-20,2;
2025-09-07 11:50:00.0;-18,7;1;0;-29,8;10,3;-19,5;
2025-09-07 11:55:00.0;-19,1;1;0;-29,9;10,1;-19,9;
2025-09-07 12:00:00.0;-19,3;1;0;-30,1;10;-20,1;
2025-09-07 12:05:00.0;-19,5;1;0;-30,1;9,9;-20,2;
2025-09-07 12:10:00.0;-19,6;1;0;-30,1;9,8;-20,3;
2025-09-07 12:15:00.0;-19,7;1;0;-30;9,7;-20,3;
2025-09-07 12:20:00.0;-19,7;1;0;-30,1;9,8;-20,3;
2025-09-07 12:25:00.0;-19,7;1;0;-30,1;9,8;-20,3;
2025-09-07 12:30:00.0;-19,8;1;0;-30;9,8;-20,3;
2025-09-07 12:35:00.0;-17,2;1;0;-28,8;11,2;-17,5;
2025-09-07 12:40:00.0;-18,3;1;0;-29,3;10,4;-18,8;
2025-09-07 12:45:00.0;-17,7;1;0;-28,5;10,4;-18,1;
2025-09-07 12:50:00.0;-18,4;1;0;-29,1;10;-19,1;
2025-09-07 12:55:00.0;-17,8;1;0;-28,9;10;-18,9;
2025-09-07 13:00:00.0;-17,4;1;0;-28,2;10,3;-17,8;
2025-09-07 13:05:00.0;-18,1;1;0;-28,9;10;-18,9;
2025-09-07 13:10:00.0;-18,2;1;0;-29;9,6;-19,3;
2025-09-07 13:15:00.0;-16,4;1;0;-27,6;10,5;-17,1;
2025-09-07 13:20:00.0;-16,6;1;0;-27,4;10,3;-17,2;
2025-09-07 13:25:00.0;-17,4;1;0;-27,8;9,5;-18,4;
2025-09-07 13:30:00.0;-18;1;0;-28,4;9,5;-18,9;
2025-09-07 13:35:00.0;-18,3;1;0;-29;9,7;-19,3;
2025-09-07 13:40:00.0;-18,7;1;0;-29,5;9,8;-19,7;
2025-09-07 13:45:00.0;-18,9;1;0;-29,7;9,8;-19,9;
2025-09-07 13:50:00.0;-19,1;1;0;-30;9,9;-20,1;
2025-09-07 13:55:00.0;-19,2;1;0;-30,1;9,9;-20,2;
2025-09-07 14:00:00.0;-18,1;1;0;-29,4;10;-19,4;
2025-09-07 14:05:00.0;-16,3;1;0;-27,5;10,5;-17;
2025-09-07 14:10:00.0;-16;1;0;-27,1;10,4;-16,7;
2025-09-07 14:15:00.0;-15,7;1;0;-26,4;9,8;-16,6;
2025-09-07 14:20:00.0;-15,6;1;0;-26,4;9,9;-16,5;
2025-09-07 14:25:00.0;-15,6;1;0;-26,4;9,9;-16,4;
2025-09-07 14:30:00.0;-15,4;1;0;-26,3;10,1;-16,2;
2025-09-07 14:35:00.0;-15,5;1;0;-26,3;10,1;-16,2;
2025-09-07 14:40:00.0;-16,5;1;0;-27,2;9,7;-17,5;
2025-09-07 14:45:00.0;-17,2;1;0;-28;9,7;-18,3;
2025-09-07 14:50:00.0;-17,9;1;0;-28,7;9,6;-19,1;
2025-09-07 14:55:00.0;-18,2;1;0;-29,2;9,7;-19,5;
2025-09-07 15:00:00.0;-16,7;1;0;-28;10,2;-17,8;
2025-09-07 15:05:00.0;-15,9;1;0;-27,1;10,4;-16,7;
2025-09-07 15:10:00.0;-16,6;1;0;-27,2;9,8;-17,4;
2025-09-07 15:15:00.0;-16,1;1;0;-27,3;10,1;-17,3;
2025-09-07 15:20:00.0;-16,6;1;0;-27,5;10;-17,5;
2025-09-07 15:25:00.0;-16,8;1;0;-27,6;9,9;-17,7;
2025-09-07 15:30:00.0;-17,4;1;0;-28,4;9,8;-18,7;
2025-09-07 15:35:00.0;-18,2;1;0;-29,2;9,7;-19,5;
2025-09-07 15:40:00.0;-18,4;1;0;-29,6;9,8;-19,8;
2025-09-07 15:45:00.0;-18,7;1;0;-29,9;9,8;-20;
2025-09-07 15:50:00.0;-18,9;1;0;-30,1;9,9;-20,2;
2025-09-07 15:55:00.0;-19,1;1;0;-30,2;9,9;-20,3;
2025-09-07 16:00:00.0;-19,2;1;0;-30,1;9,7;-20,4;
2025-09-07 16:05:00.0;-19,3;1;0;-30,1;9,7;-20,4;
2025-09-07 16:10:00.0;-19,4;1;1;-30;9,7;-20,4;
2025-09-07 16:15:00.0;-18,6;0;1;-25,7;6,8;-18,9;
2025-09-07 16:20:00.0;-17,4;0;1;-23,2;7,3;-16;
2025-09-07 16:25:00.0;-16,4;0;1;-22;7,2;-14,9;
2025-09-07 16:30:00.0;-15,6;0;1;-31,2;20,2;-11;
2025-09-07 16:35:00.0;-14,7;0;1;-30,3;20,1;-10,3;
2025-09-07 16:40:00.0;-13,5;0;1;-29,4;20,2;-9,2;
2025-09-07 16:45:00.0;-12,4;0;1;-27,9;20,5;-7,4;
2025-09-07 16:50:00.0;-12,6;0;1;-28,7;21,9;-6,8;
2025-09-07 16:55:00.0;-11,6;0;1;-27,5;21,4;-6;
2025-09-07 17:00:00.0;-11,5;0;0;-16,8;18;1,2;
2025-09-07 17:05:00.0;-15,4;1;0;-29,1;14,6;-14,5;
2025-09-07 17:10:00.0;-15,8;1;0;-28,4;12,8;-15,6;
2025-09-07 17:15:00.0;-15,9;1;0;-27,6;11,7;-15,9;
2025-09-07 17:20:00.0;-15,9;1;0;-27;11,1;-15,9;
2025-09-07 17:25:00.0;-15,7;1;0;-26,4;10,7;-15,7;
2025-09-07 17:30:00.0;-15,5;1;0;-25,8;10,3;-15,5;
2025-09-07 17:35:00.0;-15,3;1;0;-25,6;10,2;-15,3;
2025-09-07 17:40:00.0;-15,2;1;0;-25,4;10,2;-15,3;
2025-09-07 17:45:00.0;-15,1;1;0;-25,4;10,2;-15,2;
2025-09-07 17:50:00.0;-15;1;0;-25,1;9,9;-15,1;
2025-09-07 17:55:00.0;-16,1;1;0;-26,2;9,7;-16,5;
2025-09-07 18:00:00.0;-17;1;0;-27;9,6;-17,4;
2025-09-07 18:05:00.0;-17,5;1;0;-27,7;9,7;-18;
2025-09-07 18:10:00.0;-18;1;0;-28,2;9,7;-18,5;
2025-09-07 18:15:00.0;-18,4;1;0;-28,7;9,7;-19;
2025-09-07 18:20:00.0;-18,7;1;0;-28,9;9,7;-19,2;
2025-09-07 18:25:00.0;-18,9;1;0;-29,3;9,9;-19,4;
2025-09-07 18:30:00.0;-19,1;1;0;-29,4;9,8;-19,6;
2025-09-07 18:35:00.0;-19,2;1;0;-29,6;9,9;-19,7;
2025-09-07 18:40:00.0;-19,4;1;0;-29,8;9,9;-19,9;
2025-09-07 18:45:00.0;-19,5;1;0;-29,9;9,9;-20;
2025-09-07 18:50:00.0;-19,6;1;0;-30;10;-20,1;
2025-09-07 18:55:00.0;-19,7;1;0;-30,1;9,9;-20,2;
2025-09-07 19:00:00.0;-19,8;1;0;-30,1;9,9;-20,2;
2025-09-07 19:05:00.0;-19,8;1;0;-30,1;9,9;-20,2;
2025-09-07 19:10:00.0;-20;1;0;-30,1;9,8;-20,3;
2025-09-07 19:15:00.0;-19,9;1;0;-30,1;9,8;-20,3;
2025-09-07 19:20:00.0;-20;1;0;-30,1;9,8;-20,3;
2025-09-07 19:25:00.0;-20;1;0;-30,1;9,8;-20,3;
2025-09-07 19:30:00.0;-20;1;0;-30;9,7;-20,3;
2025-09-07 19:35:00.0;-20,1;1;0;-30,1;9,8;-20,3;
2025-09-07 19:40:00.0;-20,1;1;0;-30,1;9,8;-20,3;
2025-09-07 19:45:00.0;-18,6;1;0;-29,6;10,3;-19,3;
2025-09-07 19:50:00.0;-18,3;1;0;-29,3;10,7;-18,6;
2025-09-07 19:55:00.0;-18,2;1;0;-28,9;10,5;-18,5;
2025-09-07 20:00:00.0;-18,8;1;0;-29,3;10,1;-19,3;
2025-09-07 20:05:00.0;-19,3;1;0;-29,7;9,9;-19,8;
2025-09-07 20:10:00.0;-19,6;1;0;-30,1;9,9;-20,2;
2025-09-07 20:15:00.0;-19,9;1;0;-30,1;9,8;-20,3;
2025-09-07 20:20:00.0;-20;1;0;-30,1;9,7;-20,4;
2025-09-07 20:25:00.0;-20;1;0;-30,1;9,7;-20,4;
2025-09-07 20:30:00.0;-20,1;1;0;-30,1;9,7;-20,4;
2025-09-07 20:35:00.0;-20,1;1;0;-30,1;9,7;-20,4;
2025-09-07 20:40:00.0;-20,2;1;0;-29,8;9,4;-20,4;
2025-09-07 20:45:00.0;-20,2;1;0;-30,1;9,7;-20,4;
2025-09-07 20:50:00.0;-20,2;1;0;-29,9;9,5;-20,3;
2025-09-07 20:55:00.0;-20,2;1;0;-29,9;9,7;-20,3;
2025-09-07 21:00:00.0;-20,2;1;0;-29,8;9,5;-20,3;
2025-09-07 21:05:00.0;-20,2;1;0;-30;9,7;-20,2;
2025-09-07 21:10:00.0;-20,2;1;0;-29,9;9,6;-20,2;
2025-09-07 21:15:00.0;-20,2;1;0;-29,9;9,7;-20,2;
2025-09-07 21:20:00.0;-20,2;1;0;-30;9,8;-20,2;
2025-09-07 21:25:00.0;-20,1;1;0;-29,7;9,5;-20,2;
2025-09-07 21:30:00.0;-20,1;1;0;-29,8;9,6;-20,2;
2025-09-07 21:35:00.0;-20,1;1;0;-29,9;9,7;-20,1;
2025-09-07 21:40:00.0;-20,1;1;0;-29,9;9,8;-20,1;
2025-09-07 21:45:00.0;-20,1;1;0;-29,9;9,8;-20,1;
2025-09-07 21:50:00.0;-20,1;1;0;-30;9,9;-20,1;
2025-09-07 21:55:00.0;-20,1;1;0;-30;9,9;-20,1;
2025-09-07 22:00:00.0;-20,2;1;0;-30,1;9,9;-20,2;
2025-09-07 22:05:00.0;-20,1;1;0;-30;9,9;-20,2;
2025-09-07 22:10:00.0;-20,2;1;0;-30,1;9,9;-20,2;
2025-09-07 22:15:00.0;-20,2;1;0;-29,4;9,2;-20,1;
2025-09-07 22:20:00.0;-20,1;1;0;-29,4;9,3;-20,1;
2025-09-07 22:25:00.0;-20,1;1;0;-29,5;9,4;-20,1;
2025-09-07 22:30:00.0;-20,1;1;0;-29,7;9,7;-20;
2025-09-07 22:35:00.0;-20;1;0;-29,8;9,8;-20;
2025-09-07 22:40:00.0;-20,1;1;0;-30;10;-20;
2025-09-07 22:45:00.0;-20;1;0;-30;10;-20;
2025-09-07 22:50:00.0;-20;1;0;-30;10;-20;
2025-09-07 22:55:00.0;-20;1;0;-30,1;10,1;-20;
2025-09-07 23:00:00.0;-20;1;0;-30,1;10;-20;
2025-09-07 23:05:00.0;-20;1;0;-30;10;-20;
2025-09-07 23:10:00.0;-20,1;1;0;-29,9;9,9;-20;
2025-09-07 23:15:00.0;-20;1;0;-30;10;-20;
2025-09-07 23:20:00.0;-20,1;1;0;-30;10;-20;
2025-09-07 23:25:00.0;-20;1;0;-30;10;-20,1;
2025-09-07 23:30:00.0;-20,1;1;0;-29,9;9,9;-20,1;
2025-09-07 23:35:00.0;-20,1;1;0;-30;10;-20;
2025-09-07 23:40:00.0;-20,1;1;0;-30;10;-20;
2025-09-07 23:45:00.0;-20,1;1;0;-30;10;-20,1;
2025-09-07 23:50:00.0;-20,1;1;0;-30;10;-20,1;
2025-09-07 23:55:00.0;-20,1;1;0;-30,1;10;-20,1;
