Data;Temp ambiente;Comp;Degelo;Temp evap;SH;Temp succao; 
2025-08-25 00:00:00.0;-20,2;1;0;-32,4;12,3;-20,1;
2025-08-25 00:05:00.0;-20,2;1;0;-31,7;11,6;-20,1;
2025-08-25 00:10:00.0;-20,2;1;0;-31,7;11,6;-20,1;
2025-08-25 00:15:00.0;-20,2;1;0;-31,7;11,6;-20,1;
2025-08-25 00:20:00.0;-20,2;1;0;-31,6;11,5;-20,1;
2025-08-25 00:25:00.0;-20,2;1;0;-31,4;11,3;-20,1;
2025-08-25 00:30:00.0;-20,2;1;0;-30,9;10,7;-20,1;
2025-08-25 00:35:00.0;-20,1;1;0;-30,6;10,5;-20,1;
2025-08-25 00:40:00.0;-20,2;1;0;-30,6;10,5;-20,1;
2025-08-25 00:45:00.0;-20,2;1;0;-30,6;10,5;-20,1;
2025-08-25 00:50:00.0;-20,1;1;0;-30,6;10,5;-20,1;
2025-08-25 00:55:00.0;-20,2;1;0;-30,6;10,5;-20,1;
2025-08-25 01:00:00.0;-20,2;1;0;-30,6;10,5;-20,1;
2025-08-25 01:05:00.0;-20,2;1;0;-30,6;10,5;-20,1;
2025-08-25 01:10:00.0;-20,2;1;0;-30,6;10,5;-20,1;
2025-08-25 01:15:00.0;-20,2;1;0;-30,6;10,5;-20,1;
2025-08-25 01:20:00.0;-20,2;1;0;-30,3;10,1;-20,1;
2025-08-25 01:25:00.0;-20,2;1;0;-30,2;10,1;-20,1;
2025-08-25 01:30:00.0;-20,2;1;0;-30,2;10,1;-20,1;
2025-08-25 01:35:00.0;-20,2;1;0;-30,2;10,1;-20,1;
2025-08-25 01:40:00.0;-20,2;1;0;-30,1;10;-20,1;
2025-08-25 01:45:00.0;-20,2;1;0;-30;9,9;-20,1;
2025-08-25 01:50:00.0;-20,2;1;0;-30,1;10;-20,1;
2025-08-25 01:55:00.0;-20,2;1;0;-30,1;10;-20,1;
2025-08-25 02:00:00.0;-20,2;1;0;-29,9;9,8;-20,1;
2025-08-25 02:05:00.0;-20,2;1;0;-30,1;10;-20,1;
2025-08-25 02:10:00.0;-20,2;1;0;-30,1;10;-20,1;
2025-08-25 02:15:00.0;-20,2;1;0;-30,1;10;-20,1;
2025-08-25 02:20:00.0;-20,2;1;0;-29,8;9,7;-20,1;
2025-08-25 02:25:00.0;-20,2;1;0;-29,9;9,7;-20,1;
2025-08-25 02:30:00.0;-20,2;1;0;-30;9,9;-20,1;
2025-08-25 02:35:00.0;-20,2;1;0;-29,8;9,7;-20,1;
2025-08-25 02:40:00.0;-20,2;1;0;-30;9,9;-20,1;
2025-08-25 02:45:00.0;-20,2;1;0;-30;9,9;-20,1;
2025-08-25 02:50:00.0;-20,2;1;0;-29,8;9,7;-20,1;
2025-08-25 02:55:00.0;-20,2;1;0;-29,9;9,8;-20,1;
2025-08-25 03:00:00.0;-20,2;1;0;-29,9;9,8;-20,1;
2025-08-25 03:05:00.0;-20,2;1;0;-30;9,9;-20,1;
2025-08-25 03:10:00.0;-20,2;1;0;-30;10;-20,1;
2025-08-25 03:15:00.0;-20,2;1;0;-30,1;10;-20,1;
2025-08-25 03:20:00.0;-20,2;1;0;-30,1;10;-20,1;
2025-08-25 03:25:00.0;-20,2;1;0;-30,1;10;-20,1;
2025-08-25 03:30:00.0;-20,2;1;0;-30,1;10;-20,1;
2025-08-25 03:35:00.0;-20,2;1;0;-29,6;9,5;-20,1;
2025-08-25 03:40:00.0;-20,2;1;0;-29,9;9,9;-20,1;
2025-08-25 03:45:00.0;-20,2;1;0;-30;9,9;-20,1;
2025-08-25 03:50:00.0;-20,2;1;0;-30;10;-20,1;
2025-08-25 03:55:00.0;-20,2;1;0;-30,1;10;-20,1;
2025-08-25 04:00:00.0;-20,1;1;0;-29,8;9,8;-20,1;
2025-08-25 04:05:00.0;-20;1;0;-29,8;9,8;-19,9;
2025-08-25 04:10:00.0;-19,7;1;0;-31,5;11,7;-19,8;
2025-08-25 04:15:00.0;-19,8;1;0;-32,6;12,8;-19,7;
2025-08-25 04:20:00.0;-19,9;1;0;-33,3;13,5;-19,8;
2025-08-25 04:25:00.0;-19,9;1;0;-33,3;13,5;-19,8;
2025-08-25 04:30:00.0;-19,9;1;0;-33,3;13,4;-19,8;
2025-08-25 04:35:00.0;-19,9;1;0;-33,3;13,4;-19,9;
2025-08-25 04:40:00.0;-19,9;1;0;-33,2;13,4;-19,9;
2025-08-25 04:45:00.0;-20;1;0;-33,4;13,5;-19,9;
2025-08-25 04:50:00.0;-19,9;1;0;-33,4;13,5;-19,9;
2025-08-25 04:55:00.0;-20;1;0;-33,6;13,6;-19,9;
2025-08-25 05:00:00.0;-20,2;1;0;-34;14;-20,1;
2025-08-25 05:05:00.0;-20,3;1;0;-30,3;10,2;-20,1;
2025-08-25 05:10:00.0;-20,2;1;0;-28,5;8,4;-20,1;
2025-08-25 05:15:00.0;-20,2;1;0;-29,5;9,3;-20,1;
2025-08-25 05:20:00.0;-20,2;1;0;-29,8;9,7;-20,1;
2025-08-25 05:25:00.0;-20,2;1;0;-30;9,9;-20,1;
2025-08-25 05:30:00.0;-20,2;1;0;-30;9,9;-20,1;
2025-08-25 05:35:00.0;-20,2;1;0;-29,5;9,4;-20,1;
2025-08-25 05:40:00.0;-20,2;1;0;-29,7;9,6;-20,1;
2025-08-25 05:45:00.0;-20,2;1;0;-29,9;9,8;-20,1;
2025-08-25 05:50:00.0;-20,2;1;0;-30;9,9;-20,1;
2025-08-25 05:55:00.0;-20,2;1;0;-30,1;10;-20,1;
2025-08-25 06:00:00.0;-20,2;1;0;-30;9,9;-20,1;
2025-08-25 06:05:00.0;-19,7;1;0;-31,7;11,9;-19,8;
2025-08-25 06:10:00.0;-19,2;1;0;-34,5;15,4;-19,1;
2025-08-25 06:15:00.0;-18,7;1;0;-34,1;15,6;-18,5;
2025-08-25 06:20:00.0;-18,2;1;0;-34;16;-17,9;
2025-08-25 06:25:00.0;-17,7;1;0;-34;16,5;-17,4;
2025-08-25 06:30:00.0;-17,3;1;0;-33,9;16,9;-17;
2025-08-25 06:35:00.0;-16,9;1;0;-33,9;17,3;-16,7;
2025-08-25 06:40:00.0;-16,4;1;0;-34;17,7;-16,3;
2025-08-25 06:45:00.0;-16,3;1;0;-34;17,9;-16,1;
2025-08-25 06:50:00.0;-16;1;0;-34;18;-16;
2025-08-25 06:55:00.0;-16,3;1;0;-34,1;18;-16,1;
2025-08-25 07:00:00.0;-17,7;1;0;-34;16,6;-17,4;
2025-08-25 07:05:00.0;-18,7;1;0;-34,1;15,6;-18,5;
2025-08-25 07:10:00.0;-19,1;1;0;-34,1;15,2;-18,9;
2025-08-25 07:15:00.0;-18,1;1;0;-34;15,6;-18,4;
2025-08-25 07:20:00.0;-19;1;0;-34;15,2;-18,8;
2025-08-25 07:25:00.0;-19,5;1;0;-33,9;14,6;-19,4;
2025-08-25 07:30:00.0;-16,1;1;0;-33,9;17,4;-16,5;
2025-08-25 07:35:00.0;-15,5;1;0;-34;18,4;-15,5;
2025-08-25 07:40:00.0;-15,1;1;0;-34;18,8;-15,2;
2025-08-25 07:45:00.0;-15;1;0;-34;19;-15;
2025-08-25 07:50:00.0;-15;1;0;-34,1;19,2;-14,9;
2025-08-25 07:55:00.0;-14,3;1;0;-34;19,6;-14,4;
2025-08-25 08:00:00.0;-14,5;1;0;-34,1;19,7;-14,4;
2025-08-25 08:05:00.0;-14;1;1;-38,7;24;-14,7;
2025-08-25 08:10:00.0;-13,5;0;1;-33,7;20,1;-13,6;
2025-08-25 08:15:00.0;-13,2;0;1;-32,2;20,2;-12,1;
2025-08-25 08:20:00.0;-12,8;0;1;-32,6;21,9;-10,7;
2025-08-25 08:25:00.0;-12,5;0;1;-31,3;21,9;-9,4;
2025-08-25 08:30:00.0;-11,5;0;1;-30,2;22,1;-8,2;
2025-08-25 08:35:00.0;-10,7;0;1;-31,3;24,4;-6,9;
2025-08-25 08:40:00.0;-11;0;1;-30,2;24,4;-5,9;
2025-08-25 08:45:00.0;-10,8;0;1;-31,5;26,2;-5,2;
2025-08-25 08:50:00.0;-11,3;0;1;-31,8;27;-4,8;
2025-08-25 08:55:00.0;-15,9;1;0;-34,2;20,1;-14,2;
2025-08-25 09:00:00.0;-16,9;1;0;-34,2;17,8;-16,4;
2025-08-25 09:05:00.0;-17,3;1;0;-34;17;-17;
2025-08-25 09:10:00.0;-17,8;1;0;-34,1;16,6;-17,6;
2025-08-25 09:15:00.0;-18,1;1;0;-33,9;16;-17,9;
2025-08-25 09:20:00.0;-16,8;1;0;-33,9;16,5;-17,3;
2025-08-25 09:25:00.0;-15,4;1;0;-34;18,7;-15,3;
2025-08-25 09:30:00.0;-16;1;0;-34;18,2;-15,9;
2025-08-25 09:35:00.0;-13,3;1;0;-34;19,8;-14,1;
2025-08-25 09:40:00.0;-11;1;0;-33,9;22,5;-11,4;
2025-08-25 09:45:00.0;-10,4;1;0;-33,9;23,2;-10,7;
2025-08-25 09:50:00.0;-10;1;0;-41,6;30,8;-10,8;
2025-08-25 09:55:00.0;-8,6;0;0;-40,8;29,9;-10,9;
2025-08-25 10:00:00.0;-6,8;0;0;-40,4;29,7;-10,7;
2025-08-25 10:05:00.0;-3,7;0;0;-39,9;29,7;-10,2;
2025-08-25 10:10:00.0;-3,2;0;0;-39,7;30,2;-9,5;
2025-08-25 10:15:00.0;-5;0;0;-39,6;30,9;-8,7;
2025-08-25 10:20:00.0;-6,9;0;0;-39,6;31,6;-8;
2025-08-25 10:25:00.0;-7;0;0;-39,7;31,9;-7,7;
2025-08-25 10:30:00.0;-7,3;0;0;-39,7;32,1;-7,6;
2025-08-25 10:35:00.0;-7,4;0;0;-39,8;32,3;-7,5;
2025-08-25 10:40:00.0;-8,1;0;0;-39,8;32,3;-7,5;
2025-08-25 10:45:00.0;-9,3;0;0;-39,9;32,3;-7,6;
2025-08-25 10:50:00.0;-9,8;0;0;-40;32,2;-7,8;
2025-08-25 10:55:00.0;-10,2;0;0;-40;32;-8,1;
2025-08-25 11:00:00.0;-10,4;0;0;-40,1;31,8;-8,3;
2025-08-25 11:05:00.0;-10,7;0;0;-40,2;31,5;-8,7;
2025-08-25 11:10:00.0;-10,8;0;0;-40,2;31,3;-8,9;
2025-08-25 11:15:00.0;-10,9;0;0;-40,3;31,1;-9,1;
2025-08-25 11:20:00.0;-11;0;0;-40,3;31;-9,3;
2025-08-25 11:25:00.0;-11,1;0;0;-40,3;30,8;-9,5;
2025-08-25 11:30:00.0;-11,1;0;0;-40,3;30,6;-9,7;
2025-08-25 11:35:00.0;-11,3;0;0;-40,3;30,5;-9,9;
2025-08-25 11:40:00.0;-11,3;0;0;-40,3;30,4;-10;
2025-08-25 11:45:00.0;-11,3;0;0;-40,4;30,3;-10,1;
2025-08-25 11:50:00.0;-11,4;0;0;-40,4;30,2;-10,2;
2025-08-25 11:55:00.0;-11,4;0;0;-40,4;30,1;-10,3;
2025-08-25 12:00:00.0;-11,3;0;0;-40,4;30,1;-10,3;
2025-08-25 12:05:00.0;-11,3;0;0;-40,4;30;-10,4;
2025-08-25 12:10:00.0;-11,3;0;0;-40,4;30;-10,4;
2025-08-25 12:15:00.0;-11,2;0;0;-40,4;30;-10,5;
2025-08-25 12:20:00.0;-8,6;0;0;-40,4;29,9;-10,5;
2025-08-25 12:25:00.0;-7;0;0;-40,3;30;-10,3;
2025-08-25 12:30:00.0;-5,4;0;0;-40,1;30,1;-10,1;
2025-08-25 12:35:00.0;-4,9;0;0;-39,8;30,6;-9,3;
2025-08-25 12:40:00.0;-6,6;0;0;-29,7;21,6;-8,1;
2025-08-25 12:45:00.0;-7,3;0;0;-33;25,5;-7,5;
2025-08-25 12:50:00.0;-7,5;1;0;-33,3;25,5;-7,8;
2025-08-25 12:55:00.0;-7,6;1;0;-33,3;25,4;-7,9;
2025-08-25 13:00:00.0;-7,5;1;0;-33,4;25,5;-7,9;
2025-08-25 13:05:00.0;-7,7;1;0;-33,4;25,4;-8;
2025-08-25 13:10:00.0;-9,6;1;0;-33,6;24,3;-9,3;
2025-08-25 13:15:00.0;-10,6;1;0;-34;23,7;-10,4;
2025-08-25 13:20:00.0;-11,4;1;0;-34,1;22,9;-11,2;
2025-08-25 13:25:00.0;-12,7;1;0;-34,1;21,6;-12,4;
2025-08-25 13:30:00.0;-13,6;1;0;-34;20,6;-13,5;
2025-08-25 13:35:00.0;-13,8;1;0;-34,1;20,5;-13,6;
2025-08-25 13:40:00.0;-14,5;1;0;-34;19,6;-14,4;
2025-08-25 13:45:00.0;-13;1;0;-34;20,9;-13,1;
2025-08-25 13:50:00.0;-12,9;1;0;-34;21,2;-12,8;
2025-08-25 13:55:00.0;-13,3;1;0;-34,1;21;-13,1;
2025-08-25 14:00:00.0;-14,4;1;0;-34,1;20;-14,1;
2025-08-25 14:05:00.0;-13,9;1;0;-34;19,8;-14,1;
2025-08-25 14:10:00.0;-14,1;1;0;-33,9;20;-13,9;
2025-08-25 14:15:00.0;-15;1;0;-34;19,2;-14,8;
2025-08-25 14:20:00.0;-15,5;1;0;-34,1;18,8;-15,3;
2025-08-25 14:25:00.0;-15,8;1;0;-34;18,3;-15,7;
2025-08-25 14:30:00.0;-15,7;1;0;-33,9;17,9;-16;
2025-08-25 14:35:00.0;-14,2;1;0;-33,9;19,6;-14,3;
2025-08-25 14:40:00.0;-14,1;1;0;-33,9;19,9;-14;
2025-08-25 14:45:00.0;-13,5;1;0;-34;20,3;-13,7;
2025-08-25 14:50:00.0;-13,4;1;0;-33,9;20,5;-13,4;
2025-08-25 14:55:00.0;-12,9;1;0;-34;21,1;-12,9;
2025-08-25 15:00:00.0;-12,6;1;0;-34;21,4;-12,6;
2025-08-25 15:05:00.0;-12,6;1;0;-33,9;21,4;-12,5;
2025-08-25 15:10:00.0;-12,6;1;0;-34;21,4;-12,5;
2025-08-25 15:15:00.0;-12,6;1;0;-33,9;21,5;-12,5;
2025-08-25 15:20:00.0;-12,4;1;0;-34,1;21,7;-12,4;
2025-08-25 15:25:00.0;-12,5;1;0;-34;21,6;-12,4;
2025-08-25 15:30:00.0;-12,5;1;0;-34,1;21,6;-12,4;
2025-08-25 15:35:00.0;-12,5;1;0;-34;21,5;-12,5;
2025-08-25 15:40:00.0;-12,5;1;0;-34;21,5;-12,5;
2025-08-25 15:45:00.0;-12,2;1;0;-33,9;21,6;-12,3;
2025-08-25 15:50:00.0;-10,7;1;0;-34;23,2;-10,8;
2025-08-25 15:55:00.0;-10,5;1;0;-34,1;23,6;-10,4;
2025-08-25 16:00:00.0;-10,6;1;0;-34;23,5;-10,5;
2025-08-25 16:05:00.0;-10,2;1;1;-38,4;27,6;-10,8;
2025-08-25 16:10:00.0;-8,6;0;1;-35,2;25;-10,2;
2025-08-25 16:15:00.0;-8,2;0;1;-34,6;25,8;-8,8;
2025-08-25 16:20:00.0;-7,9;0;1;-33,5;26,7;-6,8;
2025-08-25 16:25:00.0;-7,6;0;1;-34;28,3;-5,7;
2025-08-25 16:30:00.0;-7,5;0;1;-33,4;28,6;-4,8;
2025-08-25 16:35:00.0;-7,1;0;1;-33,2;29,3;-3,9;
2025-08-25 16:40:00.0;-7,4;0;1;-33;29,9;-3,1;
2025-08-25 16:45:00.0;-6,9;0;1;-32,6;30;-2,5;
2025-08-25 16:50:00.0;-7,2;0;1;-34,3;32;-2,3;
2025-08-25 16:55:00.0;-9,6;0;0;-33,2;26,1;-7,1;
2025-08-25 17:00:00.0;-11;1;0;-34;23,4;-10,7;
2025-08-25 17:05:00.0;-11,4;1;0;-34;22,9;-11,1;
2025-08-25 17:10:00.0;-11,4;1;0;-34,1;22,9;-11,2;
2025-08-25 17:15:00.0;-11,4;1;0;-34;22,9;-11,2;
2025-08-25 17:20:00.0;-11,2;1;0;-34;23;-11;
2025-08-25 17:25:00.0;-11,2;1;0;-34,1;23,1;-11;
2025-08-25 17:30:00.0;-11,2;1;0;-34;23;-11;
2025-08-25 17:35:00.0;-11,2;1;0;-34;23;-11,1;
2025-08-25 17:40:00.0;-11,1;1;0;-34;23;-11;
2025-08-25 17:45:00.0;-11,3;1;0;-34,1;23,2;-11;
2025-08-25 17:50:00.0;-12,6;1;0;-34,1;21,8;-12,3;
2025-08-25 17:55:00.0;-13,4;1;0;-34;20,8;-13,2;
2025-08-25 18:00:00.0;-14,1;1;0;-34;20,1;-13,9;
2025-08-25 18:05:00.0;-14,5;1;0;-34;19,6;-14,4;
2025-08-25 18:10:00.0;-15,1;1;0;-34;19;-14,9;
2025-08-25 18:15:00.0;-15,2;1;0;-34,2;19;-15,2;
2025-08-25 18:20:00.0;-15,5;1;0;-34;18,6;-15,4;
2025-08-25 18:25:00.0;-15,6;1;0;-34,1;18,6;-15,6;
2025-08-25 18:30:00.0;-15,8;1;0;-33,9;18,2;-15,7;
2025-08-25 18:35:00.0;-15,9;1;0;-34,1;18,2;-15,9;
2025-08-25 18:40:00.0;-16;1;0;-33,9;17,9;-16;
2025-08-25 18:45:00.0;-16,1;1;0;-33,9;17,8;-16,1;
2025-08-25 18:50:00.0;-16,2;1;0;-34;17,8;-16,2;
2025-08-25 18:55:00.0;-16,3;1;0;-33,9;17,6;-16,3;
2025-08-25 19:00:00.0;-16,4;1;0;-34,1;17,7;-16,4;
2025-08-25 19:05:00.0;-16,5;1;0;-34;17,6;-16,4;
2025-08-25 19:10:00.0;-16,5;1;0;-34,1;17,6;-16,5;
2025-08-25 19:15:00.0;-16,6;1;0;-33,9;17,3;-16,6;
2025-08-25 19:20:00.0;-16,7;1;0;-34,1;17,5;-16,6;
2025-08-25 19:25:00.0;-16,7;1;0;-34;17,3;-16,7;
2025-08-25 19:30:00.0;-16,8;1;0;-34;17,3;-16,7;
2025-08-25 19:35:00.0;-16,8;1;0;-33,9;17,2;-16,8;
2025-08-25 19:40:00.0;-14,1;1;0;-33,8;19,5;-14,3;
2025-08-25 19:45:00.0;-13,7;1;0;-34,1;20,4;-13,7;
2025-08-25 19:50:00.0;-13,4;1;0;-33,9;20,5;-13,4;
2025-08-25 19:55:00.0;-14,6;1;0;-34,2;19,9;-14,3;
2025-08-25 20:00:00.0;-13,8;1;0;-34;20,2;-13,8;
2025-08-25 20:05:00.0;-12,9;1;1;-37,9;24,1;-13,8;
2025-08-25 20:10:00.0;-11,4;0;1;-34,4;21,4;-13;
2025-08-25 20:15:00.0;-11,3;0;1;-34,5;22,9;-11,6;
2025-08-25 20:20:00.0;-11,2;0;1;-32;22,4;-9,6;
2025-08-25 20:25:00.0;-10,6;0;1;-30,8;22,6;-8,2;
2025-08-25 20:30:00.0;-9,2;0;1;-32,3;25,2;-7,1;
2025-08-25 20:35:00.0;-8,8;0;1;-31,7;25,7;-6;
2025-08-25 20:40:00.0;-8;0;1;-31,5;26,6;-4,9;
2025-08-25 20:45:00.0;-7,8;0;1;-31,2;27,5;-3,7;
2025-08-25 20:50:00.0;-8;0;1;-32,2;29,2;-3;
2025-08-25 20:55:00.0;-10,9;0;0;-33,7;25,4;-8,3;
2025-08-25 21:00:00.0;-11,9;1;0;-34,2;22,9;-11,3;
2025-08-25 21:05:00.0;-12,4;1;0;-34,1;22,1;-11,9;
2025-08-25 21:10:00.0;-12,3;1;0;-34;22,1;-12;
2025-08-25 21:15:00.0;-12;1;0;-34;22,3;-11,7;
2025-08-25 21:20:00.0;-11,9;1;0;-34;22,4;-11,6;
2025-08-25 21:25:00.0;-11,8;1;0;-34;22,4;-11,6;
2025-08-25 21:30:00.0;-11,8;1;0;-34;22,5;-11,6;
2025-08-25 21:35:00.0;-11,7;1;0;-33,9;22,4;-11,5;
2025-08-25 21:40:00.0;-11,7;1;0;-34;22,5;-11,5;
2025-08-25 21:45:00.0;-12,2;1;0;-34,1;22,2;-11,9;
2025-08-25 21:50:00.0;-13,4;1;0;-34;20,8;-13,2;
2025-08-25 21:55:00.0;-14,5;1;0;-34;19,6;-14,3;
2025-08-25 22:00:00.0;-15;1;0;-34;19,1;-14,9;
2025-08-25 22:05:00.0;-15,3;1;0;-34;18,8;-15,2;
2025-08-25 22:10:00.0;-15,5;1;0;-34;18,6;-15,4;
2025-08-25 22:15:00.0;-15,8;1;0;-34,1;18,4;-15,7;
2025-08-25 22:20:00.0;-15,9;1;0;-34,1;18,2;-15,9;
2025-08-25 22:25:00.0;-16;1;0;-34;18;-16;
2025-08-25 22:30:00.0;-16,2;1;0;-34;17,8;-16,2;
2025-08-25 22:35:00.0;-16,4;1;0;-34;17,7;-16,3;
2025-08-25 22:40:00.0;-16,5;1;0;-34;17,6;-16,4;
2025-08-25 22:45:00.0;-16,5;1;0;-34;17,5;-16,5;
2025-08-25 22:50:00.0;-16,7;1;0;-34;17,4;-16,6;
2025-08-25 22:55:00.0;-16,7;1;0;-34;17,3;-16,7;
2025-08-25 23:00:00.0;-16,8;1;0;-34;17,2;-16,8;
2025-08-25 23:05:00.0;-16,9;1;0;-34;17,2;-16,8;
2025-08-25 23:10:00.0;-17;1;0;-34,1;17,1;-16,9;
2025-08-25 23:15:00.0;-16,7;1;0;-33,9;17,3;-16,7;
2025-08-25 23:20:00.0;-16,9;1;0;-34;17,1;-16,8;
2025-08-25 23:25:00.0;-17;1;0;-34;17,1;-17;
2025-08-25 23:30:00.0;-17,1;1;0;-34,1;17;-17;
2025-08-25 23:35:00.0;-17,1;1;0;-34,1;17;-17,1;
2025-08-25 23:40:00.0;-17,2;1;0;-34;16,8;-17,2;
2025-08-25 23:45:00.0;-17,3;1;0;-34;16,8;-17,2;
2025-08-25 23:50:00.0;-17,3;1;0;-34;16,8;-17,3;
2025-08-25 23:55:00.0;-17,3;1;0;-34;16,7;-17,3;
2025-08-26 00:00:00.0;-17,4;1;0;-34;16,7;-17,4;
2025-08-26 00:05:00.0;-17,2;1;1;-37,3;19,6;-17,6;
2025-08-26 00:10:00.0;-16,3;0;1;-33,6;16,7;-17;
2025-08-26 00:15:00.0;-15,4;0;1;-31,9;16,3;-15,6;
2025-08-26 00:20:00.0;-14,5;0;1;-30,4;16,7;-13,8;
2025-08-26 00:25:00.0;-12,6;0;1;-29,2;18,2;-11;
2025-08-26 00:30:00.0;-12;0;1;-28,9;19,6;-9,3;
2025-08-26 00:35:00.0;-11,4;0;1;-28,9;21,1;-7,8;
2025-08-26 00:40:00.0;-11,6;0;1;-30,1;23,2;-6,9;
2025-08-26 00:45:00.0;-11,2;0;1;-29,1;23,6;-5,5;
2025-08-26 00:50:00.0;-11;0;1;-29,9;25,1;-4,9;
2025-08-26 00:55:00.0;-14,2;0;0;-34,4;23,8;-10,7;
2025-08-26 01:00:00.0;-15,7;1;0;-34,1;19,2;-14,9;
2025-08-26 01:05:00.0;-15,4;1;0;-34;18,9;-15,1;
2025-08-26 01:10:00.0;-15,2;1;0;-33,9;19;-15;
2025-08-26 01:15:00.0;-14,9;1;0;-33,9;19,3;-14,6;
2025-08-26 01:20:00.0;-14,4;1;0;-34,1;20,1;-14;
2025-08-26 01:25:00.0;-14;1;0;-34;20,3;-13,7;
2025-08-26 01:30:00.0;-13,6;1;0;-34;20,7;-13,3;
2025-08-26 01:35:00.0;-13,4;1;0;-34;20,8;-13,2;
2025-08-26 01:40:00.0;-13,3;1;0;-33,9;20,9;-13;
2025-08-26 01:45:00.0;-13,1;1;0;-34;21,1;-12,9;
2025-08-26 01:50:00.0;-12,9;1;0;-34;21,1;-12,9;
2025-08-26 01:55:00.0;-14,7;1;0;-34,1;19,7;-14,4;
2025-08-26 02:00:00.0;-15,4;1;0;-34,1;18,9;-15,2;
2025-08-26 02:05:00.0;-15,8;1;0;-34,1;18,4;-15,7;
2025-08-26 02:10:00.0;-16,1;1;0;-34,1;18,1;-16;
2025-08-26 02:15:00.0;-16,4;1;0;-34;17,6;-16,4;
2025-08-26 02:20:00.0;-16,5;1;0;-34;17,5;-16,6;
2025-08-26 02:25:00.0;-16,8;1;0;-34,1;17,4;-16,7;
2025-08-26 02:30:00.0;-16,9;1;0;-34,1;17,2;-16,8;
2025-08-26 02:35:00.0;-17;1;0;-34;17,1;-17;
2025-08-26 02:40:00.0;-17,1;1;0;-34;16,9;-17,1;
2025-08-26 02:45:00.0;-17,2;1;0;-34,1;16,9;-17,2;
2025-08-26 02:50:00.0;-17,3;1;0;-34,1;16,8;-17,3;
2025-08-26 02:55:00.0;-17,3;1;0;-34;16,7;-17,3;
2025-08-26 03:00:00.0;-17,4;1;0;-34,1;16,7;-17,4;
2025-08-26 03:05:00.0;-17,4;1;0;-34;16,6;-17,4;
2025-08-26 03:10:00.0;-17,5;1;0;-34,1;16,6;-17,5;
2025-08-26 03:15:00.0;-17,6;1;0;-34;16,5;-17,6;
2025-08-26 03:20:00.0;-17,6;1;0;-34;16,4;-17,6;
2025-08-26 03:25:00.0;-17,6;1;0;-34,1;16,5;-17,6;
2025-08-26 03:30:00.0;-17,7;1;0;-34,1;16,4;-17,7;
2025-08-26 03:35:00.0;-17,7;1;0;-34;16,3;-17,7;
2025-08-26 03:40:00.0;-17,7;1;0;-34;16,3;-17,7;
2025-08-26 03:45:00.0;-17,8;1;0;-34;16,2;-17,8;
2025-08-26 03:50:00.0;-17,8;1;0;-34;16,2;-17,8;
2025-08-26 03:55:00.0;-17,9;1;0;-34,1;16,2;-17,9;
2025-08-26 04:00:00.0;-17,9;1;0;-33,9;16;-17,9;
2025-08-26 04:05:00.0;-17,7;1;0;-34;16,2;-17,8;
2025-08-26 04:10:00.0;-17,5;1;0;-34;16,5;-17,5;
2025-08-26 04:15:00.0;-17,4;1;0;-34;16,6;-17,4;
2025-08-26 04:20:00.0;-17,2;1;0;-34;16,8;-17,2;
2025-08-26 04:25:00.0;-17,2;1;0;-34;16,8;-17,2;
2025-08-26 04:30:00.0;-17,2;1;0;-34;16,8;-17,2;
2025-08-26 04:35:00.0;-17,2;1;0;-34;16,8;-17,2;
2025-08-26 04:40:00.0;-17,2;1;0;-34;16,8;-17,2;
2025-08-26 04:45:00.0;-17,4;1;0;-34,1;16,8;-17,3;
2025-08-26 04:50:00.0;-17,5;1;0;-34;16,6;-17,4;
2025-08-26 04:55:00.0;-17,6;1;0;-34,1;16,5;-17,6;
2025-08-26 05:00:00.0;-17,7;1;0;-34;16,3;-17,6;
2025-08-26 05:05:00.0;-17,8;1;0;-34,1;16,4;-17,7;
2025-08-26 05:10:00.0;-17,9;1;0;-33,9;16,1;-17,8;
2025-08-26 05:15:00.0;-18;1;0;-34;16,1;-17,9;
2025-08-26 05:20:00.0;-18;1;0;-33,9;16;-18;
2025-08-26 05:25:00.0;-18,1;1;0;-33,9;15,9;-18,1;
2025-08-26 05:30:00.0;-18,1;1;0;-33,9;15,8;-18,1;
2025-08-26 05:35:00.0;-18,2;1;0;-34;15,8;-18,1;
2025-08-26 05:40:00.0;-18,2;1;0;-34;15,8;-18,2;
2025-08-26 05:45:00.0;-18,2;1;0;-34;15,8;-18,2;
2025-08-26 05:50:00.0;-18,2;1;0;-34;15,8;-18,2;
2025-08-26 05:55:00.0;-18,3;1;0;-34,1;15,8;-18,3;
2025-08-26 06:00:00.0;-18,3;1;0;-34,1;15,8;-18,3;
2025-08-26 06:05:00.0;-18,3;1;0;-34;15,7;-18,3;
2025-08-26 06:10:00.0;-18,3;1;0;-34;15,6;-18,3;
2025-08-26 06:15:00.0;-18,4;1;0;-33,9;15,6;-18,4;
2025-08-26 06:20:00.0;-18,4;1;0;-34,1;15,7;-18,4;
2025-08-26 06:25:00.0;-18,4;1;0;-34;15,6;-18,4;
2025-08-26 06:30:00.0;-18,4;1;0;-34,2;15,7;-18,4;
2025-08-26 06:35:00.0;-18,5;1;0;-34;15,5;-18,5;
2025-08-26 06:40:00.0;-18,5;1;0;-34;15,5;-18,5;
2025-08-26 06:45:00.0;-18,5;1;0;-34,1;15,6;-18,5;
2025-08-26 06:50:00.0;-18,5;1;0;-33,9;15,4;-18,5;
2025-08-26 06:55:00.0;-18,5;1;0;-33,9;15,4;-18,5;
2025-08-26 07:00:00.0;-18,6;1;0;-33,9;15,4;-18,6;
2025-08-26 07:05:00.0;-18,6;1;0;-33,9;15,4;-18,6;
2025-08-26 07:10:00.0;-18,6;1;0;-34;15,4;-18,6;
2025-08-26 07:15:00.0;-18,6;1;0;-34;15,4;-18,6;
2025-08-26 07:20:00.0;-18,6;1;0;-34,1;15,5;-18,6;
2025-08-26 07:25:00.0;-18,7;1;0;-34,1;15,4;-18,6;
2025-08-26 07:30:00.0;-18,5;1;0;-28,3;9,9;-18,4;
2025-08-26 07:35:00.0;-17,2;1;0;-33,9;16,6;-17,3;
2025-08-26 07:40:00.0;-17,5;1;0;-33,9;16,5;-17,4;
2025-08-26 07:45:00.0;-18;1;0;-34;16,1;-18;
2025-08-26 07:50:00.0;-18,2;1;0;-33,9;15,7;-18,1;
2025-08-26 07:55:00.0;-18,3;1;0;-33,9;15,7;-18,2;
2025-08-26 08:00:00.0;-18,4;1;0;-33,9;15,6;-18,3;
2025-08-26 08:05:00.0;-18,3;1;1;-38,4;19,8;-18,7;
2025-08-26 08:10:00.0;-17,3;0;1;-34,2;16,1;-18,1;
2025-08-26 08:15:00.0;-16,4;0;1;-32,4;15,7;-16,7;
2025-08-26 08:20:00.0;-15,4;0;1;-31,1;16,1;-15;
2025-08-26 08:25:00.0;-11,8;0;1;-29,1;17,3;-11,9;
2025-08-26 08:30:00.0;-11,7;0;1;-31,5;21;-10,5;
2025-08-26 08:35:00.0;-10,5;0;1;-30,4;21,4;-8,9;
2025-08-26 08:40:00.0;-9,9;0;1;-30,6;22,9;-7,7;
2025-08-26 08:45:00.0;-9,2;0;1;-31,7;24,7;-7;
2025-08-26 08:50:00.0;-8,5;0;1;-31,1;25,6;-5,5;
2025-08-26 08:55:00.0;-9,6;1;0;-33,6;27,8;-5,8;
2025-08-26 09:00:00.0;-10,2;1;0;-34,2;24,3;-9,9;
2025-08-26 09:05:00.0;-10,2;1;0;-34;23,9;-10,1;
2025-08-26 09:10:00.0;-9,8;1;0;-34;24,2;-9,7;
2025-08-26 09:15:00.0;-9,7;1;0;-34;24,3;-9,7;
2025-08-26 09:20:00.0;-9,4;1;0;-33,9;24,5;-9,4;
2025-08-26 09:25:00.0;-10,6;1;0;-34;23,8;-10,3;
2025-08-26 09:30:00.0;-11,2;1;0;-34;23,1;-10,9;
2025-08-26 09:35:00.0;-11,7;1;0;-34,1;22,7;-11,4;
2025-08-26 09:40:00.0;-11,8;1;0;-34;22,4;-11,6;
2025-08-26 09:45:00.0;-12,4;1;0;-34;21,9;-12,1;
2025-08-26 09:50:00.0;-13,8;1;0;-34,1;20,6;-13,5;
2025-08-26 09:55:00.0;-14,9;1;0;-34,1;19,4;-14,7;
2025-08-26 10:00:00.0;-15,4;1;0;-34;18,8;-15,2;
2025-08-26 10:05:00.0;-15,8;1;0;-34;18,3;-15,7;
2025-08-26 10:10:00.0;-16,1;1;0;-34,1;18,1;-16;
2025-08-26 10:15:00.0;-16;1;0;-34,1;18,1;-16;
2025-08-26 10:20:00.0;-16,5;1;0;-33,9;17,5;-16,4;
2025-08-26 10:25:00.0;-16,5;1;0;-34;17,6;-16,4;
2025-08-26 10:30:00.0;-14,4;1;0;-33,9;19;-14,9;
2025-08-26 10:35:00.0;-13,4;1;0;-33,8;20,3;-13,5;
2025-08-26 10:40:00.0;-13;1;0;-34;21,1;-13;
2025-08-26 10:45:00.0;-13;1;0;-33,9;21,1;-12,9;
2025-08-26 10:50:00.0;-13;1;0;-33,9;21;-12,9;
2025-08-26 10:55:00.0;-12,9;1;0;-34;21,2;-12,8;
2025-08-26 11:00:00.0;-14,6;1;0;-34,1;19,8;-14,3;
2025-08-26 11:05:00.0;-15,3;1;0;-34,1;19;-15,1;
2025-08-26 11:10:00.0;-14,4;1;0;-33,8;19,2;-14,6;
2025-08-26 11:15:00.0;-13,9;1;0;-34;20,2;-13,9;
2025-08-26 11:20:00.0;-12,9;1;0;-33,9;21;-12,9;
2025-08-26 11:25:00.0;-12,9;1;0;-34,1;21,3;-12,8;
2025-08-26 11:30:00.0;-12,8;1;0;-34,1;21,4;-12,7;
2025-08-26 11:35:00.0;-11,4;0;0;-34,6;22,7;-11,8;
2025-08-26 11:40:00.0;-11,5;1;0;-34,1;22,8;-11,3;
2025-08-26 11:45:00.0;-12;1;0;-34;22,2;-11,8;
2025-08-26 11:50:00.0;-11,6;1;0;-29,3;17,6;-11,7;
2025-08-26 11:55:00.0;-12;1;0;-34,1;22,4;-11,7;
2025-08-26 12:00:00.0;-12,4;1;0;-34;21,7;-12,4;
2025-08-26 12:05:00.0;-12,8;1;1;-39,3;26,4;-12,9;
2025-08-26 12:10:00.0;-12,2;0;1;-35,9;23,4;-12,5;
2025-08-26 12:15:00.0;-11,7;0;1;-34,2;22,7;-11,5;
2025-08-26 12:20:00.0;-12,1;0;0;-33,6;22,7;-10,9;
2025-08-26 12:25:00.0;-10,5;1;0;-34,1;23,5;-10,6;
2025-08-26 12:30:00.0;-11,3;1;0;-34,1;23,3;-10,9;
2025-08-26 12:35:00.0;-11,7;1;0;-34,1;22,7;-11,4;
2025-08-26 12:40:00.0;-11,6;1;0;-34,1;22,8;-11,4;
2025-08-26 12:45:00.0;-9,8;1;0;-34;24,4;-9,6;
2025-08-26 12:50:00.0;-9,2;1;0;-33,9;24,5;-9,4;
2025-08-26 12:55:00.0;-9,9;1;0;-34;24,5;-9,5;
2025-08-26 13:00:00.0;-10,5;1;0;-34,1;23,9;-10,2;
2025-08-26 13:05:00.0;-11;1;0;-34;23,3;-10,7;
2025-08-26 13:10:00.0;-11,8;1;0;-34,1;22,7;-11,4;
2025-08-26 13:15:00.0;-13;1;0;-34,1;21,5;-12,6;
2025-08-26 13:20:00.0;-13,8;1;0;-34,1;20,6;-13,5;
2025-08-26 13:25:00.0;-14,4;1;0;-34,1;19,9;-14,2;
2025-08-26 13:30:00.0;-15;1;0;-34;19,1;-14,9;
2025-08-26 13:35:00.0;-15,3;1;0;-34;18,9;-15,2;
2025-08-26 13:40:00.0;-15,5;1;0;-34,1;18,7;-15,4;
2025-08-26 13:45:00.0;-15,5;1;0;-34;18,6;-15,4;
2025-08-26 13:50:00.0;-15,8;1;0;-34;18,3;-15,7;
2025-08-26 13:55:00.0;-15,9;1;0;-33,9;18,1;-15,9;
2025-08-26 14:00:00.0;-15,9;1;0;-34,1;18,2;-15,9;
2025-08-26 14:05:00.0;-15,9;1;0;-33,9;18,1;-15,8;
2025-08-26 14:10:00.0;-16;1;0;-34;18,1;-16;
2025-08-26 14:15:00.0;-15,9;1;0;-34;18,1;-15,8;
2025-08-26 14:20:00.0;-16,1;1;0;-34;17,9;-16,1;
2025-08-26 14:25:00.0;-16,3;1;0;-34;17,8;-16,2;
2025-08-26 14:30:00.0;-16,3;1;0;-33,9;17,7;-16,2;
2025-08-26 14:35:00.0;-16,5;1;0;-33,9;17,5;-16,4;
2025-08-26 14:40:00.0;-16,5;1;0;-34;17,5;-16,5;
2025-08-26 14:45:00.0;-16,6;1;0;-34,1;17,6;-16,5;
2025-08-26 14:50:00.0;-16,6;1;0;-34;17,5;-16,6;
2025-08-26 14:55:00.0;-16,7;1;0;-34,1;17,5;-16,7;
2025-08-26 15:00:00.0;-16,5;1;0;-33,9;17,6;-16,4;
2025-08-26 15:05:00.0;-16,6;1;0;-34,1;17,6;-16,5;
2025-08-26 15:10:00.0;-16,7;1;0;-33,9;17,2;-16,7;
2025-08-26 15:15:00.0;-16,8;1;0;-33,9;17,2;-16,7;
2025-08-26 15:20:00.0;-16,9;1;0;-33,9;17,1;-16,8;
2025-08-26 15:25:00.0;-16,9;1;0;-34,1;17,3;-16,9;
2025-08-26 15:30:00.0;-17;1;0;-34,1;17,1;-16,9;
2025-08-26 15:35:00.0;-16,4;1;0;-34,7;18,1;-16,6;
2025-08-26 15:40:00.0;-16,8;1;0;-34;17,3;-16,7;
2025-08-26 15:45:00.0;-16,9;1;0;-34;17,2;-16,8;
2025-08-26 15:50:00.0;-17;1;0;-34;17,1;-16,9;
2025-08-26 15:55:00.0;-17;1;0;-29,3;12,5;-16,8;
2025-08-26 16:00:00.0;-16,9;1;0;-34;17,2;-16,8;
2025-08-26 16:05:00.0;-16,9;1;1;-38,7;21,5;-17,2;
2025-08-26 16:10:00.0;-14,1;0;1;-34,4;17,7;-16,7;
2025-08-26 16:15:00.0;-13;0;1;-33,7;18,4;-15,3;
2025-08-26 16:20:00.0;-13,4;0;1;-32,9;19,2;-13,6;
2025-08-26 16:25:00.0;-11,4;0;1;-30,6;19,5;-11,1;
2025-08-26 16:30:00.0;-10,3;0;1;-32,3;22,4;-10;
2025-08-26 16:35:00.0;-10,7;0;1;-31,2;22,6;-8,7;
2025-08-26 16:40:00.0;-10,2;0;1;-30,8;23,2;-7,6;
2025-08-26 16:45:00.0;-10,4;0;1;-30;23,7;-6,3;
2025-08-26 16:50:00.0;-10,2;0;1;-30,9;25,2;-5,7;
2025-08-26 16:55:00.0;-12,8;1;0;-34,3;27,2;-7;
2025-08-26 17:00:00.0;-13,6;1;0;-34,1;21,3;-12,8;
2025-08-26 17:05:00.0;-13,9;1;0;-34;20,6;-13,4;
2025-08-26 17:10:00.0;-13,6;1;0;-34;20,6;-13,4;
2025-08-26 17:15:00.0;-13,3;1;0;-33,9;20,9;-13;
2025-08-26 17:20:00.0;-13;1;0;-34;21,4;-12,7;
2025-08-26 17:25:00.0;-12,8;1;0;-34;21,6;-12,5;
2025-08-26 17:30:00.0;-9,6;1;0;-33,9;23,7;-10,3;
2025-08-26 17:35:00.0;-10,8;1;0;-34;23,6;-10,5;
2025-08-26 17:40:00.0;-11,3;1;0;-34,1;23;-11,1;
2025-08-26 17:45:00.0;-11,7;1;0;-34;22,6;-11,4;
2025-08-26 17:50:00.0;-11,8;1;0;-34;22,4;-11,6;
2025-08-26 17:55:00.0;-13,1;1;0;-34;21,1;-12,9;
2025-08-26 18:00:00.0;-13,5;1;0;-34;20,8;-13,2;
2025-08-26 18:05:00.0;-13,8;1;0;-28,9;15,4;-13,4;
2025-08-26 18:10:00.0;-13,7;1;0;-34,1;20,4;-13,6;
2025-08-26 18:15:00.0;-14,5;1;0;-34,1;19,9;-14,2;
2025-08-26 18:20:00.0;-15;1;0;-34;19,2;-14,9;
2025-08-26 18:25:00.0;-15,3;1;0;-34;18,8;-15,2;
2025-08-26 18:30:00.0;-15,6;1;0;-33,9;18,5;-15,4;
2025-08-26 18:35:00.0;-15,7;1;0;-34;18,4;-15,6;
2025-08-26 18:40:00.0;-15,9;1;0;-34;18,1;-15,9;
2025-08-26 18:45:00.0;-16,1;1;0;-33,9;18;-16;
2025-08-26 18:50:00.0;-16,2;1;0;-34;17,9;-16,1;
2025-08-26 18:55:00.0;-16,3;1;0;-33,9;17,7;-16,2;
2025-08-26 19:00:00.0;-16,4;1;0;-34;17,6;-16,4;
2025-08-26 19:05:00.0;-16,4;1;0;-33,9;17,6;-16,3;
2025-08-26 19:10:00.0;-16,5;1;0;-34;17,7;-16,4;
2025-08-26 19:15:00.0;-16,6;1;0;-33,9;17,4;-16,5;
2025-08-26 19:20:00.0;-16,3;1;0;-33,9;17,6;-16,3;
2025-08-26 19:25:00.0;-16,6;1;0;-33,9;17,4;-16,5;
2025-08-26 19:30:00.0;-16,1;1;0;-34;17,6;-16,4;
2025-08-26 19:35:00.0;-16;1;0;-34,1;18,2;-15,9;
2025-08-26 19:40:00.0;-16,3;1;0;-33,9;17,7;-16,2;
2025-08-26 19:45:00.0;-13,8;1;0;-34;19,8;-14,1;
2025-08-26 19:50:00.0;-13,2;1;0;-33,8;20,6;-13,2;
2025-08-26 19:55:00.0;-12,8;1;0;-34;21,2;-12,8;
2025-08-26 20:00:00.0;-12,5;1;0;-33,8;21,4;-12,5;
2025-08-26 20:05:00.0;-12,5;1;1;-36,7;24,4;-12,4;
2025-08-26 20:10:00.0;-10,7;0;1;-36;23,9;-12,1;
2025-08-26 20:15:00.0;-9,9;0;1;-34,9;24,2;-10,8;
2025-08-26 20:20:00.0;-9,7;0;1;-35,1;25,6;-9,6;
2025-08-26 20:25:00.0;-8,8;0;1;-33,5;25,3;-8,2;
2025-08-26 20:30:00.0;-8,5;0;1;-33,9;27,2;-6,7;
2025-08-26 20:35:00.0;-7,7;0;1;-32,8;27,2;-5,6;
2025-08-26 20:40:00.0;-7,8;0;1;-34,4;29,5;-4,9;
2025-08-26 20:45:00.0;-7,9;0;1;-32,5;28,5;-4;
2025-08-26 20:50:00.0;-7,9;0;1;-33,5;30,1;-3,4;
2025-08-26 20:55:00.0;-11;0;0;-28,4;22,1;-6,3;
2025-08-26 21:00:00.0;-11,9;1;0;-33,9;22,7;-11,2;
2025-08-26 21:05:00.0;-12,4;1;0;-34;22;-12;
2025-08-26 21:10:00.0;-12,4;1;0;-34;21,9;-12,1;
2025-08-26 21:15:00.0;-12,2;1;0;-34;22,3;-11,8;
2025-08-26 21:20:00.0;-11,9;1;0;-34;22,5;-11,5;
2025-08-26 21:25:00.0;-11,7;1;0;-34,1;22,7;-11,4;
2025-08-26 21:30:00.0;-11,7;1;0;-34;22,6;-11,4;
2025-08-26 21:35:00.0;-11,6;1;0;-34,1;22,7;-11,3;
2025-08-26 21:40:00.0;-11,5;1;0;-33,9;22,7;-11,3;
2025-08-26 21:45:00.0;-11,5;1;0;-34;22,7;-11,3;
2025-08-26 21:50:00.0;-12,4;1;0;-34,1;22;-12,1;
2025-08-26 21:55:00.0;-13,5;1;0;-34,1;20,9;-13,2;
2025-08-26 22:00:00.0;-14,4;1;0;-34;19,8;-14,2;
2025-08-26 22:05:00.0;-14,9;1;0;-34;19,3;-14,7;
2025-08-26 22:10:00.0;-15,2;1;0;-34;19;-15;
2025-08-26 22:15:00.0;-15,4;1;0;-34,1;18,8;-15,3;
2025-08-26 22:20:00.0;-15,6;1;0;-33,9;18,4;-15,5;
2025-08-26 22:25:00.0;-15,7;1;0;-34;18,3;-15,7;
2025-08-26 22:30:00.0;-15,9;1;0;-34;18,2;-15,8;
2025-08-26 22:35:00.0;-16;1;0;-34;18,1;-15,9;
2025-08-26 22:40:00.0;-16;1;0;-34;18;-16;
2025-08-26 22:45:00.0;-15,9;1;0;-34;18,2;-15,8;
2025-08-26 22:50:00.0;-16,1;1;0;-34;17,9;-16;
2025-08-26 22:55:00.0;-15,5;1;0;-34;18,3;-15,7;
2025-08-26 23:00:00.0;-15,9;1;0;-33,9;18,2;-15,8;
2025-08-26 23:05:00.0;-16,2;1;0;-33,9;17,8;-16,1;
2025-08-26 23:10:00.0;-16,3;1;0;-33,9;17,7;-16,2;
2025-08-26 23:15:00.0;-16,4;1;0;-34,1;17,8;-16,3;
2025-08-26 23:20:00.0;-16,5;1;0;-33,9;17,5;-16,4;
2025-08-26 23:25:00.0;-16,6;1;0;-34;17,4;-16,5;
2025-08-26 23:30:00.0;-16,7;1;0;-34,1;17,5;-16,6;
2025-08-26 23:35:00.0;-16,7;1;0;-34,1;17,5;-16,6;
2025-08-26 23:40:00.0;-16,8;1;0;-34,1;17,4;-16,7;
2025-08-26 23:45:00.0;-16,8;1;0;-33,9;17,2;-16,7;
2025-08-26 23:50:00.0;-16,9;1;0;-33,9;17,1;-16,8;
2025-08-26 23:55:00.0;-16,9;1;0;-34;17,2;-16,9;
2025-08-27 00:00:00.0;-17;1;0;-33,9;17,1;-16,9;
2025-08-27 00:05:00.0;-17;1;0;-33,9;17;-16,9;
2025-08-27 00:10:00.0;-17;1;0;-34;17;-17;
2025-08-27 00:15:00.0;-17,1;1;0;-33,9;16,9;-17;
2025-08-27 00:20:00.0;-17,1;1;0;-33,9;16,9;-17;
2025-08-27 00:25:00.0;-17,1;1;0;-34,1;17;-17,1;
2025-08-27 00:30:00.0;-17,1;1;0;-33,9;16,8;-17,1;
2025-08-27 00:35:00.0;-17,2;1;0;-34,1;17;-17,1;
2025-08-27 00:40:00.0;-17,2;1;0;-34,1;17;-17,2;
2025-08-27 00:45:00.0;-17,3;1;0;-34;16,9;-17,2;
2025-08-27 00:50:00.0;-17,3;1;0;-34;16,8;-17,2;
2025-08-27 00:55:00.0;-17,3;1;0;-33,9;16,7;-17,2;
2025-08-27 01:00:00.0;-17,3;1;0;-34,1;16,8;-17,3;
2025-08-27 01:05:00.0;-17,3;1;0;-34;16,8;-17,3;
2025-08-27 01:10:00.0;-17,4;1;0;-33,9;16,6;-17,3;
2025-08-27 01:15:00.0;-17,4;1;0;-34,1;16,8;-17,3;
2025-08-27 01:20:00.0;-17,4;1;0;-34;16,6;-17,4;
2025-08-27 01:25:00.0;-17,4;1;0;-34,1;16,7;-17,4;
2025-08-27 01:30:00.0;-17,5;1;0;-34;16,6;-17,4;
2025-08-27 01:35:00.0;-17,5;1;0;-34,1;16,7;-17,4;
2025-08-27 01:40:00.0;-17,5;1;0;-34,1;16,6;-17,4;
2025-08-27 01:45:00.0;-17,5;1;0;-34;16,6;-17,5;
2025-08-27 01:50:00.0;-17,5;1;0;-34;16,5;-17,5;
2025-08-27 01:55:00.0;-17,5;1;0;-34,1;16,6;-17,5;
2025-08-27 02:00:00.0;-17,6;1;0;-34;16,5;-17,5;
2025-08-27 02:05:00.0;-17,6;1;0;-33,9;16,4;-17,6;
2025-08-27 02:10:00.0;-17,6;1;0;-34,1;16,5;-17,6;
2025-08-27 02:15:00.0;-17,6;1;0;-34,1;16,5;-17,6;
2025-08-27 02:20:00.0;-17,6;1;0;-33,9;16,3;-17,6;
2025-08-27 02:25:00.0;-17,7;1;0;-34,1;16,5;-17,6;
2025-08-27 02:30:00.0;-17,7;1;0;-34;16,3;-17,6;
2025-08-27 02:35:00.0;-17,7;1;0;-34,1;16,4;-17,7;
2025-08-27 02:40:00.0;-17,7;1;0;-34,1;16,4;-17,7;
2025-08-27 02:45:00.0;-17,7;1;0;-34,1;16,4;-17,7;
2025-08-27 02:50:00.0;-17,7;1;0;-34,1;16,4;-17,7;
2025-08-27 02:55:00.0;-17,8;1;0;-33,9;16,2;-17,7;
2025-08-27 03:00:00.0;-17,8;1;0;-34,1;16,3;-17,7;
2025-08-27 03:05:00.0;-17,8;1;0;-34;16,3;-17,7;
2025-08-27 03:10:00.0;-17,8;1;0;-34;16,3;-17,8;
2025-08-27 03:15:00.0;-17,8;1;0;-34;16,2;-17,8;
2025-08-27 03:20:00.0;-17,8;1;0;-33,9;16,1;-17,8;
2025-08-27 03:25:00.0;-17,9;1;0;-34;16,2;-17,8;
2025-08-27 03:30:00.0;-17,9;1;0;-34;16,1;-17,8;
2025-08-27 03:35:00.0;-17,9;1;0;-34,1;16,2;-17,9;
2025-08-27 03:40:00.0;-17,9;1;0;-33,9;16;-17,9;
2025-08-27 03:45:00.0;-17,9;1;0;-34,1;16,2;-17,9;
2025-08-27 03:50:00.0;-17,9;1;0;-33,9;16;-17,9;
2025-08-27 03:55:00.0;-17,9;1;0;-34,1;16,2;-17,9;
2025-08-27 04:00:00.0;-18;1;0;-33,9;16;-17,9;
2025-08-27 04:05:00.0;-17,9;1;1;-40,8;22,6;-18,3;
2025-08-27 04:10:00.0;-17;0;1;-36,3;18,4;-17,9;
2025-08-27 04:15:00.0;-15;0;1;-33,1;17,3;-15,9;
2025-08-27 04:20:00.0;-14,5;0;1;-33,3;19,1;-14,2;
2025-08-27 04:25:00.0;-13,5;0;1;-31,3;19;-12,3;
2025-08-27 04:30:00.0;-12,8;0;1;-32,5;21,6;-10,9;
2025-08-27 04:35:00.0;-12,4;0;1;-31,5;21,8;-9,7;
2025-08-27 04:40:00.0;-11,5;0;1;-32,2;24,1;-8,1;
2025-08-27 04:45:00.0;-11,3;0;1;-31;23,9;-7,1;
2025-08-27 04:50:00.0;-11,2;0;1;-31,6;25,3;-6,3;
2025-08-27 04:55:00.0;-13,6;0;0;-32,5;31,2;-1,3;
2025-08-27 05:00:00.0;-14,5;1;0;-34,4;20,4;-13,9;
2025-08-27 05:05:00.0;-14,8;1;0;-34,1;19,7;-14,4;
2025-08-27 05:10:00.0;-14,8;1;0;-34;19,6;-14,5;
2025-08-27 05:15:00.0;-14,6;1;0;-34;19,8;-14,2;
2025-08-27 05:20:00.0;-14,2;1;0;-34;20,2;-13,8;
2025-08-27 05:25:00.0;-13,7;1;0;-34;20,6;-13,4;
2025-08-27 05:30:00.0;-13,5;1;0;-34;20,8;-13,2;
2025-08-27 05:35:00.0;-13,2;1;0;-33,9;21;-12,9;
2025-08-27 05:40:00.0;-13;1;0;-33,9;21,2;-12,8;
2025-08-27 05:45:00.0;-13,5;1;0;-34;20,9;-13,1;
2025-08-27 05:50:00.0;-14,8;1;0;-34,1;19,7;-14,5;
2025-08-27 05:55:00.0;-15,5;1;0;-34;18,8;-15,3;
2025-08-27 06:00:00.0;-15,9;1;0;-34;18,3;-15,8;
2025-08-27 06:05:00.0;-16,2;1;0;-34,1;18;-16,1;
2025-08-27 06:10:00.0;-16,6;1;0;-34,1;17,6;-16,5;
2025-08-27 06:15:00.0;-16,8;1;0;-34,1;17,4;-16,6;
2025-08-27 06:20:00.0;-16,9;1;0;-33,9;17,1;-16,8;
2025-08-27 06:25:00.0;-17;1;0;-34;17;-16,9;
2025-08-27 06:30:00.0;-17,2;1;0;-34;16,9;-17,1;
2025-08-27 06:35:00.0;-17,2;1;0;-34;16,8;-17,2;
2025-08-27 06:40:00.0;-17,3;1;0;-33,9;16,7;-17,3;
2025-08-27 06:45:00.0;-17,4;1;0;-34,1;16,8;-17,3;
2025-08-27 06:50:00.0;-17,5;1;0;-34,1;16,7;-17,4;
2025-08-27 06:55:00.0;-17,5;1;0;-33,9;16,4;-17,5;
2025-08-27 07:00:00.0;-17,6;1;0;-33,9;16,4;-17,5;
2025-08-27 07:05:00.0;-17,6;1;0;-34;16,5;-17,6;
2025-08-27 07:10:00.0;-17,7;1;0;-34,1;16,5;-17,6;
2025-08-27 07:15:00.0;-17,7;1;0;-33,9;16,2;-17,7;
2025-08-27 07:20:00.0;-17,8;1;0;-33,9;16,2;-17,7;
2025-08-27 07:25:00.0;-17,6;1;0;-34;16,5;-17,5;
2025-08-27 07:30:00.0;-17,7;1;0;-33,9;16,4;-17,6;
2025-08-27 07:35:00.0;-17,7;1;0;-34,1;16,4;-17,7;
2025-08-27 07:40:00.0;-17,7;1;0;-34;16,3;-17,7;
2025-08-27 07:45:00.0;-17,8;1;0;-34,1;16,3;-17,7;
2025-08-27 07:50:00.0;-17,8;1;0;-33,9;16,1;-17,7;
2025-08-27 07:55:00.0;-17,7;1;0;-34;16,2;-17,8;
2025-08-27 08:00:00.0;-17,2;1;0;-34,1;17,1;-17,1;
2025-08-27 08:05:00.0;-17,3;1;0;-33,9;16,6;-17,3;
2025-08-27 08:10:00.0;-17,4;1;0;-33,9;16,7;-17,2;
2025-08-27 08:15:00.0;-17,5;1;0;-34;16,6;-17,4;
2025-08-27 08:20:00.0;-17,6;1;0;-34;16,4;-17,5;
2025-08-27 08:25:00.0;-17,7;1;0;-33,9;16,3;-17,6;
2025-08-27 08:30:00.0;-17,7;1;0;-33,9;16,3;-17,7;
2025-08-27 08:35:00.0;-17,6;1;0;-34;16,4;-17,6;
2025-08-27 08:40:00.0;-17,7;1;0;-34,1;16,5;-17,6;
2025-08-27 08:45:00.0;-17,1;1;0;-34;17,1;-17;
2025-08-27 08:50:00.0;-16,7;1;0;-33,9;17,4;-16,5;
2025-08-27 08:55:00.0;-17,1;1;0;-33,9;17;-17;
2025-08-27 09:00:00.0;-17,3;1;0;-34,1;16,9;-17,2;
2025-08-27 09:05:00.0;-16,9;1;0;-34,1;17,4;-16,7;
2025-08-27 09:10:00.0;-17,2;1;0;-33,9;16,8;-17,1;
2025-08-27 09:15:00.0;-17,1;1;0;-34,1;17,1;-17;
2025-08-27 09:20:00.0;-17,3;1;0;-34,1;16,9;-17,2;
2025-08-27 09:25:00.0;-17,5;1;0;-33,9;16,5;-17,4;
2025-08-27 09:30:00.0;-17,6;1;0;-34;16,5;-17,5;
2025-08-27 09:35:00.0;-17,7;1;0;-34,1;16,4;-17,6;
2025-08-27 09:40:00.0;-17,8;1;0;-34,1;16,4;-17,7;
2025-08-27 09:45:00.0;-17,8;1;0;-34;16,2;-17,7;
2025-08-27 09:50:00.0;-17,8;1;0;-33,9;16,2;-17,8;
2025-08-27 09:55:00.0;-17,7;1;0;-34;16,4;-17,7;
2025-08-27 10:00:00.0;-12,2;1;0;-33,9;20,9;-13;
2025-08-27 10:05:00.0;-13,1;1;0;-34,1;20,8;-13,3;
2025-08-27 10:10:00.0;-13,6;1;0;-34;20,7;-13,4;
2025-08-27 10:15:00.0;-13,6;1;0;-34;20,7;-13,3;
2025-08-27 10:20:00.0;-13,5;1;0;-33,9;20,8;-13,2;
2025-08-27 10:25:00.0;-12,3;1;0;-33,8;21,1;-12,7;
2025-08-27 10:30:00.0;-11,9;1;0;-34,1;22,3;-11,7;
2025-08-27 10:35:00.0;-12,4;1;0;-34,1;22;-12,1;
2025-08-27 10:40:00.0;-12,6;1;0;-34;21,8;-12,2;
2025-08-27 10:45:00.0;-11,4;1;0;-34,1;22,7;-11,4;
2025-08-27 10:50:00.0;-12,2;1;0;-34;22,1;-11,9;
2025-08-27 10:55:00.0;-14,3;1;0;-34;20,1;-14;
2025-08-27 11:00:00.0;-15;1;0;-34,1;19,4;-14,7;
2025-08-27 11:05:00.0;-15,5;1;0;-34;18,7;-15,3;
2025-08-27 11:10:00.0;-15,1;1;0;-34,1;18,8;-15,3;
2025-08-27 11:15:00.0;-13,6;1;0;-33,9;20,1;-13,8;
2025-08-27 11:20:00.0;-14;1;0;-34,1;20,4;-13,7;
2025-08-27 11:25:00.0;-15,1;1;0;-34,1;19,3;-14,8;
2025-08-27 11:30:00.0;-15,6;1;0;-34;18,6;-15,4;
2025-08-27 11:35:00.0;-15,9;1;0;-34;18,2;-15,8;
2025-08-27 11:40:00.0;-16,3;1;0;-34,1;17,9;-16,2;
2025-08-27 11:45:00.0;-16,5;1;0;-34;17,6;-16,4;
2025-08-27 11:50:00.0;-16,7;1;0;-34;17,3;-16,6;
2025-08-27 11:55:00.0;-16,8;1;0;-34,1;17,3;-16,8;
2025-08-27 12:00:00.0;-17;1;0;-33,9;17;-16,9;
2025-08-27 12:05:00.0;-17;1;1;-39,2;21,8;-17,4;
2025-08-27 12:10:00.0;-16,1;0;1;-35,1;18,2;-16,9;
2025-08-27 12:15:00.0;-14,9;0;1;-33,1;17,3;-15,8;
2025-08-27 12:20:00.0;-14,1;0;1;-32;18,1;-13,9;
2025-08-27 12:25:00.0;-12,9;0;1;-30,2;19,2;-11;
2025-08-27 12:30:00.0;-12,3;0;1;-30,8;21,2;-9,7;
2025-08-27 12:35:00.0;-12,2;0;1;-30,3;21,8;-8,5;
2025-08-27 12:40:00.0;-11,3;0;1;-29,5;22,1;-7,4;
2025-08-27 12:45:00.0;-11,2;0;1;-30,7;24,5;-6,2;
2025-08-27 12:50:00.0;-11;0;1;-29,9;24,4;-5,5;
2025-08-27 12:55:00.0;-13;1;0;-34,5;30,9;-3,7;
2025-08-27 13:00:00.0;-15,3;1;0;-34,1;20;-14,1;
2025-08-27 13:05:00.0;-15,9;1;0;-34;18,6;-15,5;
2025-08-27 13:10:00.0;-16,4;1;0;-34;17,8;-16,2;
2025-08-27 13:15:00.0;-16,6;1;0;-34,2;17,7;-16,5;
2025-08-27 13:20:00.0;-16,8;1;0;-34,1;17,5;-16,6;
2025-08-27 13:25:00.0;-16,9;1;0;-33,9;17,2;-16,7;
2025-08-27 13:30:00.0;-17;1;0;-34;17,1;-16,9;
2025-08-27 13:35:00.0;-17,1;1;0;-34;17;-17;
2025-08-27 13:40:00.0;-17,2;1;0;-34;16,9;-17;
2025-08-27 13:45:00.0;-17,2;1;0;-34;16,9;-17,1;
2025-08-27 13:50:00.0;-17,2;1;0;-33,9;16,8;-17,2;
2025-08-27 13:55:00.0;-17,3;1;0;-34,1;16,9;-17,2;
2025-08-27 14:00:00.0;-17,4;1;0;-34,1;16,8;-17,3;
2025-08-27 14:05:00.0;-17,4;1;0;-34;16,6;-17,3;
2025-08-27 14:10:00.0;-17,5;1;0;-34;16,6;-17,4;
2025-08-27 14:15:00.0;-17,5;1;0;-34;16,6;-17,4;
2025-08-27 14:20:00.0;-17,5;1;0;-34;16,5;-17,4;
2025-08-27 14:25:00.0;-17,5;1;0;-34;16,5;-17,5;
2025-08-27 14:30:00.0;-17,6;1;0;-33,9;16,5;-17,5;
2025-08-27 14:35:00.0;-17,6;1;0;-33,9;16,3;-17,5;
2025-08-27 14:40:00.0;-16;1;0;-34;17,8;-16,2;
2025-08-27 14:45:00.0;-15,9;1;0;-34;18,2;-15,7;
2025-08-27 14:50:00.0;-15,7;1;0;-34;18,5;-15,5;
2025-08-27 14:55:00.0;-15,3;1;0;-34;18,9;-15,1;
2025-08-27 15:00:00.0;-10;1;0;-33,9;23,4;-10,5;
2025-08-27 15:05:00.0;-9,6;1;0;-33,9;24,1;-9,9;
2025-08-27 15:10:00.0;-8,8;1;0;-33,9;24,9;-9;
2025-08-27 15:15:00.0;-8,3;1;0;-34;25,5;-8,6;
2025-08-27 15:20:00.0;-7,9;1;0;-34;26;-8;
2025-08-27 15:25:00.0;-8,1;1;0;-34;26;-8,1;
2025-08-27 15:30:00.0;-9,7;1;0;-34,1;24,8;-9,3;
2025-08-27 15:35:00.0;-10,5;1;0;-34;23,7;-10,2;
2025-08-27 15:40:00.0;-11;1;0;-34;23,3;-10,8;
2025-08-27 15:45:00.0;-11,3;1;0;-34;22,9;-11,1;
2025-08-27 15:50:00.0;-11,6;1;0;-33,9;22,5;-11,4;
2025-08-27 15:55:00.0;-12,6;1;0;-34,1;21,9;-12,2;
2025-08-27 16:00:00.0;-13,6;1;0;-33,9;20,7;-13,2;
2025-08-27 16:05:00.0;-14,1;1;1;-39,5;25,1;-14,4;
2025-08-27 16:10:00.0;-13,2;0;1;-35,8;21,9;-13,9;
2025-08-27 16:15:00.0;-12,4;0;1;-34;21,4;-12,6;
2025-08-27 16:20:00.0;-11,6;0;1;-32,6;21,7;-11;
2025-08-27 16:25:00.0;-11,7;0;1;-33,1;23,4;-9,8;
2025-08-27 16:30:00.0;-11;0;1;-31,4;23;-8,4;
2025-08-27 16:35:00.0;-11,8;1;0;-29,2;20,7;-8,6;
2025-08-27 16:40:00.0;-12,9;1;0;-34,1;21,8;-12,2;
2025-08-27 16:45:00.0;-14,3;1;0;-34;20,2;-13,9;
2025-08-27 16:50:00.0;-14,9;1;0;-34;19,4;-14,6;
2025-08-27 16:55:00.0;-14,5;1;0;-34;19,5;-14,4;
2025-08-27 17:00:00.0;-15,1;1;0;-34;19,1;-14,9;
2025-08-27 17:05:00.0;-14,9;1;0;-34;19;-15;
2025-08-27 17:10:00.0;-13,3;1;0;-34,1;20,6;-13,5;
2025-08-27 17:15:00.0;-12,6;1;0;-34;21,3;-12,7;
2025-08-27 17:20:00.0;-12,5;1;0;-33,9;21,5;-12,4;
2025-08-27 17:25:00.0;-11;1;0;-33,8;22,5;-11,3;
2025-08-27 17:30:00.0;-9,6;1;0;-34;24,1;-9,9;
2025-08-27 17:35:00.0;-8,9;1;0;-33,9;25;-8,9;
2025-08-27 17:40:00.0;-7,6;1;0;-28,6;20,6;-8;
2025-08-27 17:45:00.0;-9,9;1;0;-34,1;24,5;-9,6;
2025-08-27 17:50:00.0;-10,5;1;0;-34,1;23,8;-10,3;
2025-08-27 17:55:00.0;-11;1;0;-34;23,3;-10,7;
2025-08-27 18:00:00.0;-11,8;1;0;-33,9;22,5;-11,4;
2025-08-27 18:05:00.0;-13,2;1;0;-33,9;21;-12,9;
2025-08-27 18:10:00.0;-13,8;1;0;-34;20,5;-13,5;
2025-08-27 18:15:00.0;-14,2;1;0;-34;20;-14;
2025-08-27 18:20:00.0;-14,6;1;0;-34;19,5;-14,4;
2025-08-27 18:25:00.0;-14,9;1;0;-34;19,3;-14,7;
2025-08-27 18:30:00.0;-15,1;1;0;-33,9;19;-15;
2025-08-27 18:35:00.0;-15,3;1;0;-33,9;18,8;-15,1;
2025-08-27 18:40:00.0;-15,4;1;0;-33,9;18,6;-15,3;
2025-08-27 18:45:00.0;-15,5;1;0;-34;18,7;-15,4;
2025-08-27 18:50:00.0;-15,3;1;0;-33,9;18,7;-15,2;
2025-08-27 18:55:00.0;-15,5;1;0;-34;18,6;-15,4;
2025-08-27 19:00:00.0;-15,6;1;0;-34;18,5;-15,5;
2025-08-27 19:05:00.0;-15,7;1;0;-33,9;18,3;-15,6;
2025-08-27 19:10:00.0;-15,8;1;0;-34;18,3;-15,7;
2025-08-27 19:15:00.0;-15,9;1;0;-34;18,1;-15,8;
2025-08-27 19:20:00.0;-16;1;0;-34;18,1;-15,9;
2025-08-27 19:25:00.0;-16;1;0;-34;18,1;-16;
2025-08-27 19:30:00.0;-16,1;1;0;-34;18;-16;
2025-08-27 19:35:00.0;-16,1;1;0;-33,9;17,8;-16,1;
2025-08-27 19:40:00.0;-16,2;1;0;-33,9;17,8;-16,1;
2025-08-27 19:45:00.0;-16;1;0;-34,1;18;-16;
2025-08-27 19:50:00.0;-16,1;1;0;-34;18;-16,1;
2025-08-27 19:55:00.0;-13,5;1;0;-33,9;20,1;-13,9;
2025-08-27 20:00:00.0;-14,1;1;0;-34;20,2;-13,8;
2025-08-27 20:05:00.0;-14,8;1;1;-39,9;25;-15;
2025-08-27 20:10:00.0;-14,1;0;1;-35,9;21,3;-14,6;
2025-08-27 20:15:00.0;-13;0;1;-33,6;20,3;-13,4;
2025-08-27 20:20:00.0;-12,2;0;1;-33,4;21,6;-11,8;
2025-08-27 20:25:00.0;-11,1;0;1;-31,3;21,6;-9,7;
2025-08-27 20:30:00.0;-10,4;0;1;-33;24,5;-8,6;
2025-08-27 20:35:00.0;-10,6;0;0;-32,4;24,8;-7,6;
2025-08-27 20:40:00.0;-11,6;1;0;-34,1;24;-10,1;
2025-08-27 20:45:00.0;-12,6;1;0;-34,1;21,8;-12,2;
2025-08-27 20:50:00.0;-12,6;1;0;-34;21,7;-12,3;
2025-08-27 20:55:00.0;-12,4;1;0;-33,9;21,9;-12;
2025-08-27 21:00:00.0;-11,9;1;0;-34,1;22,4;-11,7;
2025-08-27 21:05:00.0;-11,6;1;0;-34;22,7;-11,4;
2025-08-27 21:10:00.0;-11,5;1;0;-33,9;22,7;-11,3;
2025-08-27 21:15:00.0;-11,3;1;0;-34;22,8;-11,2;
2025-08-27 21:20:00.0;-11,3;1;0;-33,9;22,9;-11,1;
2025-08-27 21:25:00.0;-11,3;1;0;-34;22,9;-11;
2025-08-27 21:30:00.0;-12,7;1;0;-34,1;21,8;-12,3;
2025-08-27 21:35:00.0;-13,6;1;0;-34,1;20,7;-13,3;
2025-08-27 21:40:00.0;-13,6;1;0;-34;20,6;-13,5;
2025-08-27 21:45:00.0;-14,3;1;0;-34,1;20;-14,1;
2025-08-27 21:50:00.0;-14,7;1;0;-34;19,5;-14,5;
2025-08-27 21:55:00.0;-15,1;1;0;-34;19;-14,9;
2025-08-27 22:00:00.0;-15,3;1;0;-34;18,9;-15,1;
2025-08-27 22:05:00.0;-15,4;1;0;-33,9;18,6;-15,3;
2025-08-27 22:10:00.0;-15,3;1;0;-34,1;18,8;-15,3;
2025-08-27 22:15:00.0;-15,6;1;0;-34,1;18,6;-15,5;
2025-08-27 22:20:00.0;-15,7;1;0;-34;18,4;-15,6;
2025-08-27 22:25:00.0;-15,9;1;0;-34;18,3;-15,8;
2025-08-27 22:30:00.0;-15,9;1;0;-34;18,2;-15,9;
2025-08-27 22:35:00.0;-16;1;0;-33,9;18;-15,9;
2025-08-27 22:40:00.0;-16,1;1;0;-34;18;-16;
2025-08-27 22:45:00.0;-16,2;1;0;-33,9;17,8;-16,1;
2025-08-27 22:50:00.0;-16,2;1;0;-33,9;17,8;-16,1;
2025-08-27 22:55:00.0;-16,2;1;0;-33,9;17,8;-16,2;
2025-08-27 23:00:00.0;-16,3;1;0;-34,1;17,9;-16,2;
2025-08-27 23:05:00.0;-16,4;1;0;-34;17,7;-16,3;
2025-08-27 23:10:00.0;-16,4;1;0;-34,1;17,7;-16,3;
2025-08-27 23:15:00.0;-16,4;1;0;-34;17,7;-16,3;
2025-08-27 23:20:00.0;-16,4;1;0;-33,9;17,6;-16,3;
2025-08-27 23:25:00.0;-16,5;1;0;-34;17,6;-16,4;
2025-08-27 23:30:00.0;-16,5;1;0;-34;17,6;-16,4;
2025-08-27 23:35:00.0;-16,5;1;0;-34;17,5;-16,5;
2025-08-27 23:40:00.0;-16,6;1;0;-34;17,5;-16,5;
2025-08-27 23:45:00.0;-16,6;1;0;-33,9;17,4;-16,5;
2025-08-27 23:50:00.0;-16,6;1;0;-34,1;17,6;-16,5;
2025-08-27 23:55:00.0;-16,7;1;0;-33,9;17,3;-16,6;
2025-08-28 00:00:00.0;-16,7;1;0;-34,1;17,5;-16,6;
2025-08-28 00:05:00.0;-16,7;1;0;-34;17,4;-16,6;
2025-08-28 00:10:00.0;-16,7;1;0;-33,9;17,3;-16,6;
2025-08-28 00:15:00.0;-16,7;1;0;-34;17,3;-16,7;
2025-08-28 00:20:00.0;-16,8;1;0;-34;17,3;-16,7;
2025-08-28 00:25:00.0;-16,8;1;0;-33,9;17,2;-16,7;
2025-08-28 00:30:00.0;-16,8;1;0;-33,9;17,2;-16,7;
2025-08-28 00:35:00.0;-16,8;1;0;-33,9;17,2;-16,8;
2025-08-28 00:40:00.0;-16,1;1;0;-34;17,9;-16,1;
2025-08-28 00:45:00.0;-15,6;1;0;-34;18,4;-15,5;
2025-08-28 00:50:00.0;-15,1;1;0;-34;19;-15;
2025-08-28 00:55:00.0;-14,1;1;0;-33,9;20,2;-13,8;
2025-08-28 01:00:00.0;-13,5;1;0;-33,9;20,6;-13,3;
2025-08-28 01:05:00.0;-13,1;1;0;-33,9;21;-12,9;
2025-08-28 01:10:00.0;-12,8;1;0;-33,9;21,3;-12,6;
2025-08-28 01:15:00.0;-12,5;1;0;-34;21,6;-12,4;
2025-08-28 01:20:00.0;-12,3;1;0;-33,9;21,9;-12,1;
2025-08-28 01:25:00.0;-12,2;1;0;-34,1;22,1;-11,9;
2025-08-28 01:30:00.0;-13,1;1;0;-34;21,2;-12,8;
2025-08-28 01:35:00.0;-14,2;1;0;-34,1;20,2;-14;
2025-08-28 01:40:00.0;-15,2;1;0;-34;19;-15;
2025-08-28 01:45:00.0;-15,5;1;0;-34;18,6;-15,4;
2025-08-28 01:50:00.0;-15,7;1;0;-34,1;18,4;-15,6;
2025-08-28 01:55:00.0;-15,9;1;0;-34;18,2;-15,9;
2025-08-28 02:00:00.0;-16,1;1;0;-34,1;18,1;-16;
2025-08-28 02:05:00.0;-16,2;1;0;-34;17,8;-16,2;
2025-08-28 02:10:00.0;-16,4;1;0;-34;17,7;-16,3;
2025-08-28 02:15:00.0;-16,4;1;0;-34;17,6;-16,4;
2025-08-28 02:20:00.0;-16,5;1;0;-34;17,6;-16,4;
2025-08-28 02:25:00.0;-16,6;1;0;-34,1;17,5;-16,5;
2025-08-28 02:30:00.0;-16,7;1;0;-34,1;17,5;-16,6;
2025-08-28 02:35:00.0;-16,7;1;0;-34,1;17,5;-16,6;
2025-08-28 02:40:00.0;-16,7;1;0;-34;17,4;-16,7;
2025-08-28 02:45:00.0;-16,8;1;0;-34;17,3;-16,7;
2025-08-28 02:50:00.0;-16,8;1;0;-34,1;17,3;-16,8;
2025-08-28 02:55:00.0;-16,9;1;0;-34;17,2;-16,8;
2025-08-28 03:00:00.0;-16,9;1;0;-34,1;17,2;-16,8;
2025-08-28 03:05:00.0;-16,9;1;0;-34,1;17,2;-16,9;
2025-08-28 03:10:00.0;-17;1;0;-34;17,1;-16,9;
2025-08-28 03:15:00.0;-17;1;0;-34;17,1;-16,9;
2025-08-28 03:20:00.0;-17;1;0;-34;17,1;-16,9;
2025-08-28 03:25:00.0;-17;1;0;-34;17,1;-17;
2025-08-28 03:30:00.0;-17;1;0;-34,1;17,1;-17;
2025-08-28 03:35:00.0;-17,1;1;0;-34,1;17;-17;
2025-08-28 03:40:00.0;-17,1;1;0;-34,1;17;-17;
2025-08-28 03:45:00.0;-17,1;1;0;-34,1;17;-17,1;
2025-08-28 03:50:00.0;-17,1;1;0;-34;17;-17,1;
2025-08-28 03:55:00.0;-17,1;1;0;-34,1;17;-17,1;
2025-08-28 04:00:00.0;-17,2;1;0;-34;16,9;-17,1;
2025-08-28 04:05:00.0;-17;1;1;-41,3;23,9;-17,4;
2025-08-28 04:10:00.0;-16,1;0;1;-36,8;19,7;-17,1;
2025-08-28 04:15:00.0;-14,8;0;1;-34,5;18,5;-16;
2025-08-28 04:20:00.0;-13,9;0;1;-34,6;21,1;-13,6;
2025-08-28 04:25:00.0;-13,1;0;1;-32,5;20,6;-12;
2025-08-28 04:30:00.0;-12,2;0;1;-32,5;21,9;-10,6;
2025-08-28 04:35:00.0;-12;0;1;-32,6;23;-9,6;
2025-08-28 04:40:00.0;-11,2;0;1;-31,2;22,8;-8,4;
2025-08-28 04:45:00.0;-11,3;0;1;-32,6;25,3;-7,3;
2025-08-28 04:50:00.0;-10,6;0;1;-31,2;24,7;-6,5;
2025-08-28 04:55:00.0;-11,7;0;0;-32,8;34,5;1,7;
2025-08-28 05:00:00.0;-14,1;1;0;-34,1;21,4;-12,8;
2025-08-28 05:05:00.0;-15,2;1;0;-34,2;19,4;-14,7;
2025-08-28 05:10:00.0;-15,7;1;0;-34,1;18,7;-15,4;
2025-08-28 05:15:00.0;-15,9;1;0;-34,1;18,3;-15,7;
2025-08-28 05:20:00.0;-16,2;1;0;-33,9;18;-16;
2025-08-28 05:25:00.0;-16,3;1;0;-34,1;17,9;-16,2;
2025-08-28 05:30:00.0;-16,5;1;0;-33,9;17,5;-16,4;
2025-08-28 05:35:00.0;-16,5;1;0;-34;17,6;-16,5;
2025-08-28 05:40:00.0;-16,6;1;0;-34,1;17,5;-16,5;
2025-08-28 05:45:00.0;-16,7;1;0;-34;17,4;-16,6;
2025-08-28 05:50:00.0;-16,8;1;0;-34,1;17,4;-16,7;
2025-08-28 05:55:00.0;-16,9;1;0;-34;17,3;-16,7;
2025-08-28 06:00:00.0;-16,9;1;0;-34,1;17,3;-16,8;
2025-08-28 06:05:00.0;-16,9;1;0;-34,1;17,3;-16,8;
2025-08-28 06:10:00.0;-16,9;1;0;-34;17,2;-16,9;
2025-08-28 06:15:00.0;-17;1;0;-34,1;17,2;-16,9;
2025-08-28 06:20:00.0;-17;1;0;-34;17,1;-16,9;
2025-08-28 06:25:00.0;-16,5;1;0;-34;17,4;-16,6;
2025-08-28 06:30:00.0;-15,9;1;0;-34;18;-15,9;
2025-08-28 06:35:00.0;-15,5;1;0;-33,9;18,5;-15,4;
2025-08-28 06:40:00.0;-14,8;1;0;-34;19,4;-14,5;
2025-08-28 06:45:00.0;-14,2;1;0;-33,9;20;-13,9;
2025-08-28 06:50:00.0;-13,7;1;0;-33,9;20,5;-13,4;
2025-08-28 06:55:00.0;-13,4;1;0;-33,9;20,7;-13,2;
2025-08-28 07:00:00.0;-13;1;0;-33,9;21,1;-12,8;
2025-08-28 07:05:00.0;-12,8;1;0;-33,9;21,4;-12,6;
2025-08-28 07:10:00.0;-12,6;1;0;-33,9;21,5;-12,4;
2025-08-28 07:15:00.0;-13,2;1;0;-34,1;21,2;-12,9;
2025-08-28 07:20:00.0;-14,5;1;0;-34,1;20;-14,1;
2025-08-28 07:25:00.0;-15,4;1;0;-34;18,8;-15,2;
2025-08-28 07:30:00.0;-15,4;1;0;-34;18,8;-15,2;
2025-08-28 07:35:00.0;-15,8;1;0;-34,1;18,5;-15,6;
2025-08-28 07:40:00.0;-16;1;0;-34,1;18,2;-15,9;
2025-08-28 07:45:00.0;-16,3;1;0;-34;17,8;-16,2;
2025-08-28 07:50:00.0;-16,4;1;0;-33,9;17,7;-16,3;
2025-08-28 07:55:00.0;-16,5;1;0;-34,1;17,7;-16,4;
2025-08-28 08:00:00.0;-16,6;1;0;-34;17,5;-16,5;
2025-08-28 08:05:00.0;-16,7;1;0;-33,9;17,4;-16,6;
2025-08-28 08:10:00.0;-15,3;1;0;-33,9;18,2;-15,7;
2025-08-28 08:15:00.0;-14;1;0;-34;19,8;-14,2;
2025-08-28 08:20:00.0;-15,3;1;0;-34,1;19,1;-15;
2025-08-28 08:25:00.0;-15,7;1;0;-34;18,5;-15,5;
2025-08-28 08:30:00.0;-15,9;1;0;-34,1;18,3;-15,8;
2025-08-28 08:35:00.0;-16;1;0;-34;18;-16;
2025-08-28 08:40:00.0;-16,3;1;0;-34;17,8;-16,1;
2025-08-28 08:45:00.0;-16,3;1;0;-34;17,7;-16,2;
2025-08-28 08:50:00.0;-13,7;1;0;-34;19,7;-14,3;
2025-08-28 08:55:00.0;-12,7;1;0;-33,9;21,2;-12,7;
2025-08-28 09:00:00.0;-10,6;1;0;-33,8;22,9;-10,9;
2025-08-28 09:05:00.0;-10,1;1;0;-34;23,8;-10,2;
2025-08-28 09:10:00.0;-9,8;1;0;-33,9;23,8;-10,1;
2025-08-28 09:15:00.0;-9,4;1;0;-34;24,4;-9,6;
2025-08-28 09:20:00.0;-9,1;1;0;-34;24,8;-9,2;
2025-08-28 09:25:00.0;-9;1;0;-33,9;25;-9;
2025-08-28 09:30:00.0;-8,8;1;0;-34;25,1;-8,9;
2025-08-28 09:35:00.0;-8,7;1;0;-34;25,1;-8,8;
2025-08-28 09:40:00.0;-8,6;1;0;-33,9;25,2;-8,7;
2025-08-28 09:45:00.0;-8,6;1;0;-34;25,3;-8,7;
2025-08-28 09:50:00.0;-8,2;1;0;-34;25,6;-8,3;
2025-08-28 09:55:00.0;-8,3;1;0;-34;25,7;-8,3;
2025-08-28 10:00:00.0;-8,2;1;0;-34;25,7;-8,2;
2025-08-28 10:05:00.0;-10,3;1;0;-34,1;24;-10,1;
2025-08-28 10:10:00.0;-9,7;1;0;-34;23,9;-10,1;
2025-08-28 10:15:00.0;-10,5;1;0;-34,1;23,8;-10,2;
2025-08-28 10:20:00.0;-10,6;1;0;-33,9;23;-10,9;
2025-08-28 10:25:00.0;-10,3;1;0;-34;24,1;-10;
2025-08-28 10:30:00.0;-10,9;1;0;-34,1;23,4;-10,8;
2025-08-28 10:35:00.0;-9,9;1;0;-34,1;23,5;-10,5;
2025-08-28 10:40:00.0;-9,5;1;0;-33,9;24,3;-9,6;
2025-08-28 10:45:00.0;-8,7;1;0;-33,9;25,1;-8,8;
2025-08-28 10:50:00.0;-8,4;1;0;-34;25,7;-8,4;
2025-08-28 10:55:00.0;-8,2;1;0;-34;25,7;-8,3;
2025-08-28 11:00:00.0;-8,5;1;0;-34,1;25,8;-8,3;
2025-08-28 11:05:00.0;-10;1;0;-34,1;24,4;-9,7;
2025-08-28 11:10:00.0;-10,6;1;0;-34;23,7;-10,4;
2025-08-28 11:15:00.0;-11,1;1;0;-34,1;23,1;-11;
2025-08-28 11:20:00.0;-12;1;0;-34,1;22,2;-11,9;
2025-08-28 11:25:00.0;-11,8;1;0;-34,1;22,3;-11,8;
2025-08-28 11:30:00.0;-11,9;1;0;-34,1;22,3;-11,8;
2025-08-28 11:35:00.0;-11,9;1;0;-34,1;22,3;-11,8;
2025-08-28 11:40:00.0;-11,9;1;0;-34;22,2;-11,8;
2025-08-28 11:45:00.0;-11,9;1;0;-33,9;22,1;-11,9;
2025-08-28 11:50:00.0;-11,9;1;0;-34;22,1;-11,9;
2025-08-28 11:55:00.0;-12;1;0;-34,1;22,1;-11,9;
2025-08-28 12:00:00.0;-12,1;1;0;-34;22;-12;
2025-08-28 12:05:00.0;-12;1;1;-40,6;28,3;-12,3;
2025-08-28 12:10:00.0;-11;0;1;-37;24,9;-12;
2025-08-28 12:15:00.0;-10;0;1;-34,9;23,9;-11;
2025-08-28 12:20:00.0;-9,3;0;1;-35;25,9;-9;
2025-08-28 12:25:00.0;-8,2;0;1;-34,1;26,4;-7,7;
2025-08-28 12:30:00.0;-8,2;0;1;-34,7;28,1;-6,6;
2025-08-28 12:35:00.0;-7,5;0;1;-32,7;27,2;-5,5;
2025-08-28 12:40:00.0;-7,5;0;1;-34,2;29,5;-4,7;
2025-08-28 12:45:00.0;-6,8;0;1;-32,1;28,7;-3,5;
2025-08-28 12:50:00.0;-6,7;0;1;-33,9;30,9;-3;
2025-08-28 12:55:00.0;-8,1;0;0;-33,9;33,7;-0,2;
2025-08-28 13:00:00.0;-8,1;1;0;-33,9;26,3;-7,7;
2025-08-28 13:05:00.0;-8;1;0;-34;26;-8;
2025-08-28 13:10:00.0;-7,8;1;0;-33,9;26,2;-7,7;
2025-08-28 13:15:00.0;-7,4;1;0;-34,1;26,7;-7,4;
2025-08-28 13:20:00.0;-7,3;1;0;-34;26,8;-7,2;
2025-08-28 13:25:00.0;-7;1;0;-33,9;26,9;-7;
2025-08-28 13:30:00.0;-6,8;1;0;-33,9;27,1;-6,8;
2025-08-28 13:35:00.0;-6,8;1;0;-34;27,2;-6,8;
2025-08-28 13:40:00.0;-6,6;1;0;-34,1;27,4;-6,6;
2025-08-28 13:45:00.0;-7,4;1;0;-34,1;26,9;-7,1;
2025-08-28 13:50:00.0;-8,7;1;0;-34,1;25,7;-8,4;
2025-08-28 13:55:00.0;-9,8;1;0;-34;24,5;-9,5;
2025-08-28 14:00:00.0;-10,1;1;0;-34;24,2;-9,9;
2025-08-28 14:05:00.0;-10,2;1;0;-34,1;24;-10,1;
2025-08-28 14:10:00.0;-10,4;1;0;-33,9;23,7;-10,2;
2025-08-28 14:15:00.0;-10,5;1;0;-34;23,6;-10,4;
2025-08-28 14:20:00.0;-10,7;1;0;-34;23,5;-10,5;
2025-08-28 14:25:00.0;-10,6;1;0;-33,9;23,4;-10,5;
2025-08-28 14:30:00.0;-10,5;1;0;-34;23,5;-10,4;
2025-08-28 14:35:00.0;-10,7;1;0;-34;23,5;-10,5;
2025-08-28 14:40:00.0;-10,7;1;0;-34;23,3;-10,6;
2025-08-28 14:45:00.0;-10,8;1;0;-34;23,3;-10,7;
2025-08-28 14:50:00.0;-10,7;1;0;-34;23,4;-10,6;
2025-08-28 14:55:00.0;-10,8;1;0;-33,9;23,2;-10,7;
2025-08-28 15:00:00.0;-10,8;1;0;-34,1;23,4;-10,7;
2025-08-28 15:05:00.0;-10,8;1;0;-34;23,3;-10,7;
2025-08-28 15:10:00.0;-10,9;1;0;-33,9;23,2;-10,8;
2025-08-28 15:15:00.0;-11,1;1;0;-34;23,1;-11;
2025-08-28 15:20:00.0;-11,2;1;0;-34;23;-11,1;
2025-08-28 15:25:00.0;-9,2;1;0;-33,9;24,6;-9,3;
2025-08-28 15:30:00.0;-8,6;1;0;-34;25,3;-8,7;
2025-08-28 15:35:00.0;-7,8;1;0;-34;26;-8;
2025-08-28 15:40:00.0;-7,2;1;0;-33,9;26,7;-7,2;
2025-08-28 15:45:00.0;-6,7;1;0;-34;27,4;-6,6;
2025-08-28 15:50:00.0;-6,2;1;0;-34;27,8;-6,2;
2025-08-28 15:55:00.0;-5,9;1;0;-34;28,2;-5,8;
2025-08-28 16:00:00.0;-6,3;1;0;-34;27,9;-6,1;
2025-08-28 16:05:00.0;-6,4;1;1;-34,1;27,9;-6,2;
2025-08-28 16:10:00.0;-2,5;0;1;-37,8;31,7;-6,2;
2025-08-28 16:15:00.0;-3,2;0;1;-37,8;32,9;-4,8;
2025-08-28 16:20:00.0;-4;0;1;-37,5;34;-3,5;
2025-08-28 16:25:00.0;-4,3;0;1;-35,5;33;-2,5;
2025-08-28 16:30:00.0;-4,8;0;1;-36,8;34,9;-1,9;
2025-08-28 16:35:00.0;-4,4;0;1;-34,6;33,6;-1;
2025-08-28 16:40:00.0;-4,7;0;1;-36,3;35,6;-0,7;
2025-08-28 16:45:00.0;-4,6;0;1;-34,4;34;-0,4;
2025-08-28 16:50:00.0;-4,6;0;1;-35,8;35,7;-0,1;
2025-08-28 16:55:00.0;-7;0;0;-34,6;32,7;-1,9;
2025-08-28 17:00:00.0;-8,8;1;0;-34;26,1;-8;
2025-08-28 17:05:00.0;-9,3;1;0;-34,1;25,1;-9;
2025-08-28 17:10:00.0;-9,7;1;0;-34,1;24,6;-9,5;
2025-08-28 17:15:00.0;-10;1;0;-34,1;24,3;-9,8;
2025-08-28 17:20:00.0;-10,3;1;0;-34;23,9;-10,1;
2025-08-28 17:25:00.0;-10,2;1;0;-34,1;24;-10,1;
2025-08-28 17:30:00.0;-10,3;1;0;-34,2;24;-10,2;
2025-08-28 17:35:00.0;-9,3;1;0;-34,1;24,8;-9,3;
2025-08-28 17:40:00.0;-9,7;1;0;-34,1;24,7;-9,4;
2025-08-28 17:45:00.0;-10,1;1;0;-34;24,2;-9,9;
2025-08-28 17:50:00.0;-10,3;1;0;-34,1;24;-10,1;
2025-08-28 17:55:00.0;-10,8;1;0;-34;23,5;-10,5;
2025-08-28 18:00:00.0;-11,4;1;0;-33,9;22,7;-11,2;
2025-08-28 18:05:00.0;-10,9;1;0;-34,1;23,2;-10,9;
2025-08-28 18:10:00.0;-10,7;1;0;-33,9;23,4;-10,5;
2025-08-28 18:15:00.0;-10,4;1;0;-34;23,8;-10,2;
2025-08-28 18:20:00.0;-9,9;1;0;-33,9;24,2;-9,7;
2025-08-28 18:25:00.0;-9,6;1;0;-34;24,7;-9,3;
2025-08-28 18:30:00.0;-9,5;1;0;-34;24,8;-9,2;
2025-08-28 18:35:00.0;-9,2;1;0;-33,9;25;-9;
2025-08-28 18:40:00.0;-9,1;1;0;-33,9;25,1;-8,9;
2025-08-28 18:45:00.0;-8,9;1;0;-34;25,3;-8,7;
2025-08-28 18:50:00.0;-9;1;0;-34,1;25,4;-8,7;
2025-08-28 18:55:00.0;-9,9;1;0;-34;24,5;-9,5;
2025-08-28 19:00:00.0;-10,9;1;0;-34,1;23,5;-10,6;
2025-08-28 19:05:00.0;-11,8;1;0;-34,1;22,5;-11,6;
2025-08-28 19:10:00.0;-12,2;1;0;-34;22;-12;
2025-08-28 19:15:00.0;-12,5;1;0;-34;21,6;-12,4;
2025-08-28 19:20:00.0;-12,7;1;0;-33,9;21,3;-12,6;
2025-08-28 19:25:00.0;-12,9;1;0;-33,9;21,1;-12,8;
2025-08-28 19:30:00.0;-13,2;1;0;-34;20,9;-13,1;
2025-08-28 19:35:00.0;-12,9;1;0;-33,9;20,9;-13,1;
2025-08-28 19:40:00.0;-13;1;0;-34;21,2;-12,8;
2025-08-28 19:45:00.0;-13,2;1;0;-34,2;21,1;-13,1;
2025-08-28 19:50:00.0;-13,5;1;0;-34;20,6;-13,4;
2025-08-28 19:55:00.0;-13,6;1;0;-34;20,5;-13,5;
2025-08-28 20:00:00.0;-13,7;1;0;-33,9;20,3;-13,6;
2025-08-28 20:05:00.0;-12,1;1;0;-33,9;21,6;-12,4;
2025-08-28 20:10:00.0;-12,8;1;0;-34,1;21,5;-12,6;
2025-08-28 20:15:00.0;-11,7;1;0;-34,1;22,3;-11,8;
2025-08-28 20:20:00.0;-10,5;1;0;-34,4;23,7;-10,7;
2025-08-28 20:25:00.0;-10,1;1;0;-34,1;24;-10,1;
2025-08-28 20:30:00.0;-10,7;1;0;-34,1;23,6;-10,4;
2025-08-28 20:35:00.0;-11,7;1;0;-34,1;22,7;-11,4;
2025-08-28 20:40:00.0;-12,1;1;0;-34,2;22,2;-12;
2025-08-28 20:45:00.0;-12,6;1;0;-34;21,6;-12,4;
2025-08-28 20:50:00.0;-12,9;1;0;-34;21,2;-12,8;
2025-08-28 20:55:00.0;-13,2;1;0;-34,1;21,1;-13,1;
2025-08-28 21:00:00.0;-13,5;1;0;-33,9;20,6;-13,4;
2025-08-28 21:05:00.0;-13,6;1;0;-33,9;20,4;-13,5;
2025-08-28 21:10:00.0;-13,7;1;0;-34,1;20,5;-13,6;
2025-08-28 21:15:00.0;-13,8;1;0;-33,9;20,1;-13,7;
2025-08-28 21:20:00.0;-14;1;0;-34;20,1;-13,9;
2025-08-28 21:25:00.0;-14;1;0;-34;20;-14;
2025-08-28 21:30:00.0;-12,6;1;0;-34;21;-13;
2025-08-28 21:35:00.0;-12,5;1;0;-34,1;21,8;-12,3;
2025-08-28 21:40:00.0;-13,2;1;0;-33,9;21;-13;
2025-08-28 21:45:00.0;-13,5;1;0;-33,9;20,6;-13,4;
2025-08-28 21:50:00.0;-13,8;1;0;-34,1;20,5;-13,6;
2025-08-28 21:55:00.0;-13,9;1;0;-34;20,2;-13,8;
2025-08-28 22:00:00.0;-14;1;0;-34;20;-14;
2025-08-28 22:05:00.0;-14,2;1;0;-34;20;-14,1;
2025-08-28 22:10:00.0;-14,3;1;0;-34;19,8;-14,2;
2025-08-28 22:15:00.0;-14,3;1;0;-33,9;19,7;-14,3;
2025-08-28 22:20:00.0;-13,9;1;0;-34;20;-14;
2025-08-28 22:25:00.0;-14,1;1;0;-33,9;19,9;-14;
2025-08-28 22:30:00.0;-14,3;1;0;-33,9;19,6;-14,3;
2025-08-28 22:35:00.0;-14,4;1;0;-33,9;19,6;-14,3;
2025-08-28 22:40:00.0;-14,5;1;0;-34;19,6;-14,4;
2025-08-28 22:45:00.0;-14,5;1;0;-33,9;19,4;-14,5;
2025-08-28 22:50:00.0;-14,6;1;0;-33,9;19,4;-14,5;
2025-08-28 22:55:00.0;-14,6;1;0;-33,9;19,3;-14,6;
2025-08-28 23:00:00.0;-14,6;1;0;-34;19,4;-14,6;
2025-08-28 23:05:00.0;-14,7;1;0;-34;19,3;-14,7;
2025-08-28 23:10:00.0;-14,7;1;0;-34;19,3;-14,7;
2025-08-28 23:15:00.0;-14,8;1;0;-34;19,3;-14,7;
2025-08-28 23:20:00.0;-14,8;1;0;-34;19,2;-14,8;
2025-08-28 23:25:00.0;-14,8;1;0;-34;19,2;-14,8;
2025-08-28 23:30:00.0;-14,9;1;0;-34;19,2;-14,8;
2025-08-28 23:35:00.0;-14,9;1;0;-34;19,2;-14,8;
2025-08-28 23:40:00.0;-14,9;1;0;-34;19,2;-14,9;
2025-08-28 23:45:00.0;-14,9;1;0;-34;19,1;-14,9;
2025-08-28 23:50:00.0;-15;1;0;-34;19,1;-14,9;
2025-08-28 23:55:00.0;-15;1;0;-34,1;19,2;-14,9;
2025-08-29 00:00:00.0;-15;1;0;-34,1;19,1;-14,9;
2025-08-29 00:05:00.0;-15;1;1;-40,5;25,3;-15,2;
2025-08-29 00:10:00.0;-14,3;0;1;-36,8;21,7;-15,1;
2025-08-29 00:15:00.0;-13;0;1;-34,5;20,5;-13,9;
2025-08-29 00:20:00.0;-11,8;0;1;-33,6;22,4;-11,2;
2025-08-29 00:25:00.0;-11,6;0;1;-32,9;23;-9,8;
2025-08-29 00:30:00.0;-10,7;0;1;-31,3;23,1;-8,2;
2025-08-29 00:35:00.0;-10,6;0;1;-32,9;25,5;-7,3;
2025-08-29 00:40:00.0;-10,1;0;1;-31,1;24,9;-6,2;
2025-08-29 00:45:00.0;-10;0;1;-32,7;27,5;-5,1;
2025-08-29 00:50:00.0;-9,4;0;1;-30,9;26,7;-4,3;
2025-08-29 00:55:00.0;-10,6;0;0;-32,3;39,7;7,4;
2025-08-29 01:00:00.0;-11,5;1;0;-34,1;23,8;-10,2;
2025-08-29 01:05:00.0;-11,9;1;0;-34,1;22,6;-11,5;
2025-08-29 01:10:00.0;-11,9;1;0;-34;22,5;-11,6;
2025-08-29 01:15:00.0;-11,6;1;0;-34;22,6;-11,4;
2025-08-29 01:20:00.0;-11,4;1;0;-33,9;22,8;-11,1;
2025-08-29 01:25:00.0;-11;1;0;-33,9;23,2;-10,7;
2025-08-29 01:30:00.0;-10,6;1;0;-33,9;23,6;-10,3;
2025-08-29 01:35:00.0;-10,5;1;0;-33,9;23,7;-10,2;
2025-08-29 01:40:00.0;-10,3;1;0;-34;23,9;-10,1;
2025-08-29 01:45:00.0;-10,2;1;0;-33,9;23,8;-10,1;
2025-08-29 01:50:00.0;-11,6;1;0;-34,1;22,8;-11,3;
2025-08-29 01:55:00.0;-12,4;1;0;-34,1;22;-12,1;
2025-08-29 02:00:00.0;-12,9;1;0;-34;21,3;-12,7;
2025-08-29 02:05:00.0;-13,3;1;0;-34;20,9;-13,1;
2025-08-29 02:10:00.0;-13,5;1;0;-34;20,6;-13,4;
2025-08-29 02:15:00.0;-13,9;1;0;-34,1;20,3;-13,7;
2025-08-29 02:20:00.0;-14;1;0;-34,1;20,2;-13,9;
2025-08-29 02:25:00.0;-14,1;1;0;-34;20;-14,1;
2025-08-29 02:30:00.0;-14,3;1;0;-34;19,9;-14,2;
2025-08-29 02:35:00.0;-14,4;1;0;-34,1;19,8;-14,3;
2025-08-29 02:40:00.0;-14,5;1;0;-34;19,6;-14,4;
2025-08-29 02:45:00.0;-14,5;1;0;-34;19,6;-14,5;
2025-08-29 02:50:00.0;-14,6;1;0;-34,1;19,5;-14,6;
2025-08-29 02:55:00.0;-14,7;1;0;-34,1;19,5;-14,6;
2025-08-29 03:00:00.0;-14,8;1;0;-34,1;19,4;-14,7;
2025-08-29 03:05:00.0;-14,8;1;0;-34;19,3;-14,7;
2025-08-29 03:10:00.0;-14,8;1;0;-34;19,2;-14,8;
2025-08-29 03:15:00.0;-14,9;1;0;-34;19,2;-14,8;
2025-08-29 03:20:00.0;-15;1;0;-34;19,1;-14,9;
2025-08-29 03:25:00.0;-15;1;0;-34,1;19,2;-14,9;
2025-08-29 03:30:00.0;-15;1;0;-34,1;19,1;-15;
2025-08-29 03:35:00.0;-15,1;1;0;-34;19,1;-15;
2025-08-29 03:40:00.0;-15,1;1;0;-34,1;19,1;-15;
2025-08-29 03:45:00.0;-15,1;1;0;-34;19;-15;
2025-08-29 03:50:00.0;-15,1;1;0;-34;19;-15,1;
2025-08-29 03:55:00.0;-15,2;1;0;-34,1;19;-15,1;
2025-08-29 04:00:00.0;-15,2;1;0;-34;18,9;-15,1;
2025-08-29 04:05:00.0;-15,1;1;0;-34;18,9;-15;
2025-08-29 04:10:00.0;-14,8;1;0;-34;19,2;-14,7;
2025-08-29 04:15:00.0;-14,6;1;0;-34;19,4;-14,6;
2025-08-29 04:20:00.0;-14,6;1;0;-33,9;19,4;-14,5;
2025-08-29 04:25:00.0;-14,5;1;0;-34;19,5;-14,4;
2025-08-29 04:30:00.0;-14,4;1;0;-34;19,6;-14,4;
2025-08-29 04:35:00.0;-14,4;1;0;-34;19,6;-14,4;
2025-08-29 04:40:00.0;-14,4;1;0;-33,9;19,6;-14,3;
2025-08-29 04:45:00.0;-14,4;1;0;-34,1;19,8;-14,3;
2025-08-29 04:50:00.0;-14,4;1;0;-34,1;19,7;-14,3;
2025-08-29 04:55:00.0;-14,4;1;0;-33,9;19,6;-14,3;
2025-08-29 05:00:00.0;-14,4;1;0;-34,1;19,7;-14,3;
2025-08-29 05:05:00.0;-14,7;1;0;-34,1;19,6;-14,5;
2025-08-29 05:10:00.0;-15;1;0;-33,9;19,1;-14,8;
2025-08-29 05:15:00.0;-14,8;1;0;-34;19,1;-14,9;
2025-08-29 05:20:00.0;-14;1;0;-34,1;20;-14;
2025-08-29 05:25:00.0;-13,6;1;0;-34;20,4;-13,5;
2025-08-29 05:30:00.0;-13,1;1;0;-33,9;21;-13;
2025-08-29 05:35:00.0;-12,5;1;0;-34;21,6;-12,3;
2025-08-29 05:40:00.0;-11,9;1;0;-33,9;22,2;-11,7;
2025-08-29 05:45:00.0;-11,6;1;0;-34;22,5;-11,5;
2025-08-29 05:50:00.0;-11,4;1;0;-34;22,8;-11,2;
2025-08-29 05:55:00.0;-11,2;1;0;-34;23;-11;
2025-08-29 06:00:00.0;-11,1;1;0;-34;23,1;-10,9;
2025-08-29 06:05:00.0;-10,9;1;0;-34;23,3;-10,7;
2025-08-29 06:10:00.0;-12,2;1;0;-34,2;22,3;-11,9;
2025-08-29 06:15:00.0;-13;1;0;-34,1;21,3;-12,8;
2025-08-29 06:20:00.0;-13,6;1;0;-34;20,6;-13,4;
2025-08-29 06:25:00.0;-14,1;1;0;-34;20;-13,9;
2025-08-29 06:30:00.0;-14,3;1;0;-34;19,8;-14,2;
2025-08-29 06:35:00.0;-14,5;1;0;-34,2;19,7;-14,5;
2025-08-29 06:40:00.0;-14,7;1;0;-34;19,4;-14,6;
2025-08-29 06:45:00.0;-14,9;1;0;-34;19,2;-14,8;
2025-08-29 06:50:00.0;-15;1;0;-34;19;-14,9;
2025-08-29 06:55:00.0;-15,1;1;0;-34;19;-15;
2025-08-29 07:00:00.0;-15,2;1;0;-33,9;18,8;-15,1;
2025-08-29 07:05:00.0;-15,2;1;0;-33,9;18,8;-15,1;
2025-08-29 07:10:00.0;-15,3;1;0;-34,1;18,9;-15,2;
2025-08-29 07:15:00.0;-15,4;1;0;-34;18,7;-15,3;
2025-08-29 07:20:00.0;-14,6;1;0;-33,9;19,4;-14,5;
2025-08-29 07:25:00.0;-14,6;1;0;-34,1;19,4;-14,7;
2025-08-29 07:30:00.0;-13;1;0;-33,8;20,6;-13,2;
2025-08-29 07:35:00.0;-12,2;1;0;-33,9;21,7;-12,2;
2025-08-29 07:40:00.0;-11,9;1;0;-33,9;22;-11,9;
2025-08-29 07:45:00.0;-12,2;1;0;-33,9;22;-11,9;
2025-08-29 07:50:00.0;-12,2;1;0;-33,9;21,8;-12,1;
2025-08-29 07:55:00.0;-11,8;1;0;-34,1;22,4;-11,8;
2025-08-29 08:00:00.0;-11,7;1;0;-34;22,4;-11,6;
2025-08-29 08:05:00.0;-12,6;1;1;-34,2;21,9;-12,3;
2025-08-29 08:10:00.0;-12,1;0;1;-37,6;25;-12,6;
2025-08-29 08:15:00.0;-11,4;0;1;-35,2;23,5;-11,7;
2025-08-29 08:20:00.0;-10,5;0;1;-34,7;25;-9,7;
2025-08-29 08:25:00.0;-9,9;0;1;-32,8;24,6;-8,2;
2025-08-29 08:30:00.0;-9,6;0;1;-33,9;26,9;-7,1;
2025-08-29 08:35:00.0;-9,5;0;1;-32,8;26,7;-6;
2025-08-29 08:40:00.0;-8,2;0;1;-34;29,3;-4,7;
2025-08-29 08:45:00.0;-8,6;0;1;-33,3;29,4;-4;
2025-08-29 08:50:00.0;-8,2;0;1;-32,2;29;-3,3;
2025-08-29 08:55:00.0;-8,7;0;0;-28,6;34,1;5,4;
2025-08-29 09:00:00.0;-8,9;1;0;-34,1;26,3;-7,8;
2025-08-29 09:05:00.0;-10,3;1;0;-34;24,2;-9,9;
2025-08-29 09:10:00.0;-8,6;1;0;-34,1;25,5;-8,6;
2025-08-29 09:15:00.0;-7,8;1;0;-34;26;-7,9;
2025-08-29 09:20:00.0;-8,8;1;0;-34;25,6;-8,4;
2025-08-29 09:25:00.0;-9,4;1;0;-34;25;-9;
2025-08-29 09:30:00.0;-9,2;1;0;-34;25;-9;
2025-08-29 09:35:00.0;-9,3;1;0;-34;24,9;-9,1;
2025-08-29 09:40:00.0;-9,4;1;0;-34;24,9;-9,1;
2025-08-29 09:45:00.0;-9,5;1;0;-34;24,9;-9,2;
2025-08-29 09:50:00.0;-9,9;1;0;-34,1;24,6;-9,5;
2025-08-29 09:55:00.0;-10,3;1;0;-34;24;-10,1;
2025-08-29 10:00:00.0;-10,5;1;0;-34;23,7;-10,4;
2025-08-29 10:05:00.0;-10,7;1;0;-34,1;23,6;-10,5;
2025-08-29 10:10:00.0;-10,6;1;0;-34;23,5;-10,5;
2025-08-29 10:15:00.0;-11,4;1;0;-34,1;22,9;-11,1;
2025-08-29 10:20:00.0;-12,1;1;0;-34;22,2;-11,8;
2025-08-29 10:25:00.0;-12,5;1;0;-34;21,7;-12,3;
2025-08-29 10:30:00.0;-12,8;1;0;-33,9;21,3;-12,7;
2025-08-29 10:35:00.0;-13,2;1;0;-34,1;21;-13,1;
2025-08-29 10:40:00.0;-12,8;1;0;-34,1;21,1;-13;
2025-08-29 10:45:00.0;-12;1;0;-34;22;-12;
2025-08-29 10:50:00.0;-11,7;1;0;-34,1;22,4;-11,7;
2025-08-29 10:55:00.0;-12,5;1;0;-34,1;21,9;-12,2;
2025-08-29 11:00:00.0;-12,9;1;0;-34;21,2;-12,8;
2025-08-29 11:05:00.0;-13,2;1;0;-33,9;20,9;-13;
2025-08-29 11:10:00.0;-12,8;1;0;-34,1;21,1;-13;
2025-08-29 11:15:00.0;-11,5;1;0;-34,1;22,5;-11,6;
2025-08-29 11:20:00.0;-12,8;1;0;-34;21,5;-12,6;
2025-08-29 11:25:00.0;-13;1;0;-33,9;21,1;-12,8;
2025-08-29 11:30:00.0;-12,8;1;0;-33,9;21,2;-12,7;
2025-08-29 11:35:00.0;-13,3;1;0;-33,9;20,8;-13,1;
2025-08-29 11:40:00.0;-13,5;1;0;-33,9;20,5;-13,4;
2025-08-29 11:45:00.0;-13,8;1;0;-34;20,2;-13,7;
2025-08-29 11:50:00.0;-13,8;1;0;-33,9;20,1;-13,8;
2025-08-29 11:55:00.0;-12,3;1;0;-34;21,7;-12,3;
2025-08-29 12:00:00.0;-12,1;1;0;-34,1;22,1;-11,9;
2025-08-29 12:05:00.0;-11,5;1;0;-34;22,6;-11,3;
2025-08-29 12:10:00.0;-11,2;1;0;-33,9;23;-11;
2025-08-29 12:15:00.0;-10,8;1;0;-33,9;23,2;-10,7;
2025-08-29 12:20:00.0;-10,6;1;0;-34;23,5;-10,5;
2025-08-29 12:25:00.0;-10,4;1;0;-34;23,7;-10,3;
2025-08-29 12:30:00.0;-10,1;1;0;-33,9;23,9;-10;
2025-08-29 12:35:00.0;-10;1;0;-34;24,2;-9,8;
2025-08-29 12:40:00.0;-9,8;1;0;-34;24,3;-9,7;
2025-08-29 12:45:00.0;-9,6;1;0;-33,9;24,5;-9,5;
2025-08-29 12:50:00.0;-10;1;0;-34,1;24,3;-9,8;
2025-08-29 12:55:00.0;-10,5;1;0;-34;23,8;-10,2;
2025-08-29 13:00:00.0;-11,3;1;0;-34,1;23;-11,1;
2025-08-29 13:05:00.0;-11,9;1;0;-34,1;22,3;-11,8;
2025-08-29 13:10:00.0;-12,4;1;0;-34,1;21,8;-12,2;
2025-08-29 13:15:00.0;-12;1;0;-34;22,1;-11,9;
2025-08-29 13:20:00.0;-12,6;1;0;-34;21,6;-12,4;
2025-08-29 13:25:00.0;-12,9;1;0;-34;21,3;-12,8;
2025-08-29 13:30:00.0;-13,2;1;0;-33,9;20,8;-13,1;
2025-08-29 13:35:00.0;-13,4;1;0;-34;20,7;-13,3;
2025-08-29 13:40:00.0;-13,4;1;0;-33,9;20,7;-13,3;
2025-08-29 13:45:00.0;-13,6;1;0;-34;20,5;-13,5;
2025-08-29 13:50:00.0;-13,7;1;0;-33,9;20,3;-13,6;
2025-08-29 13:55:00.0;-13,9;1;0;-34;20,2;-13,8;
2025-08-29 14:00:00.0;-12,7;1;0;-34;21,1;-12,9;
2025-08-29 14:05:00.0;-13,2;1;0;-33,9;20,9;-13;
2025-08-29 14:10:00.0;-13,5;1;0;-33,9;20,6;-13,4;
2025-08-29 14:15:00.0;-12,9;1;0;-33,9;20,7;-13,2;
2025-08-29 14:20:00.0;-13;1;0;-33,9;21,1;-12,8;
2025-08-29 14:25:00.0;-13,5;1;0;-34;20,5;-13,4;
2025-08-29 14:30:00.0;-13,7;1;0;-34,1;20,4;-13,6;
2025-08-29 14:35:00.0;-13,9;1;0;-33,9;20,1;-13,8;
2025-08-29 14:40:00.0;-13,9;1;0;-33,9;20,1;-13,8;
2025-08-29 14:45:00.0;-14,2;1;0;-33,9;19,9;-14,1;
2025-08-29 14:50:00.0;-14,2;1;0;-34,1;19,9;-14,2;
2025-08-29 14:55:00.0;-14,3;1;0;-33,8;19,5;-14,3;
2025-08-29 15:00:00.0;-14,4;1;0;-34,1;19,8;-14,3;
2025-08-29 15:05:00.0;-14,5;1;0;-33,9;19,5;-14,4;
2025-08-29 15:10:00.0;-13,6;1;0;-34;20,2;-13,8;
2025-08-29 15:15:00.0;-14;1;0;-33,9;20;-13,9;
2025-08-29 15:20:00.0;-14,2;1;0;-34,1;20;-14,1;
2025-08-29 15:25:00.0;-14,4;1;0;-33,9;19,6;-14,3;
2025-08-29 15:30:00.0;-13,9;1;0;-34;20,3;-13,7;
2025-08-29 15:35:00.0;-14,2;1;0;-34,1;20,1;-14;
2025-08-29 15:40:00.0;-14,3;1;0;-34;19,7;-14,2;
2025-08-29 15:45:00.0;-14,4;1;0;-33,8;19,5;-14,4;
2025-08-29 15:50:00.0;-14,2;1;0;-34,1;20;-14,1;
2025-08-29 15:55:00.0;-14,5;1;0;-33,9;19,5;-14,4;
2025-08-29 16:00:00.0;-14,5;1;0;-34,1;19,7;-14,4;
2025-08-29 16:05:00.0;-14,6;1;0;-34;19,5;-14,5;
2025-08-29 16:10:00.0;-14;0;1;-37,7;23;-14,7;
2025-08-29 16:15:00.0;-12,8;0;1;-34,9;21,2;-13,7;
2025-08-29 16:20:00.0;-11,6;0;1;-34,3;23;-11,3;
2025-08-29 16:25:00.0;-11,2;0;1;-33,3;23,3;-9,9;
2025-08-29 16:30:00.0;-10,5;0;1;-31,7;23,4;-8,4;
2025-08-29 16:35:00.0;-10;0;1;-33,1;25,7;-7,4;
2025-08-29 16:40:00.0;-9;0;1;-31,5;25,8;-5,8;
2025-08-29 16:45:00.0;-9,2;0;1;-32,8;27,6;-5,2;
2025-08-29 16:50:00.0;-8,6;0;1;-31,3;26,9;-4,4;
2025-08-29 16:55:00.0;-8,4;0;0;-27,5;31,5;3,9;
2025-08-29 17:00:00.0;-11,1;1;0;-34,1;24,7;-9,5;
2025-08-29 17:05:00.0;-11,6;1;0;-34;22,8;-11,2;
2025-08-29 17:10:00.0;-11,5;1;0;-34,1;22,8;-11,3;
2025-08-29 17:15:00.0;-11,3;1;0;-34,1;23;-11,1;
2025-08-29 17:20:00.0;-11;1;0;-33,9;23,2;-10,8;
2025-08-29 17:25:00.0;-10,7;1;0;-34;23,5;-10,4;
2025-08-29 17:30:00.0;-10,4;1;0;-34;23,8;-10,2;
2025-08-29 17:35:00.0;-10;1;0;-29,8;19,9;-9,9;
2025-08-29 17:40:00.0;-10,2;1;0;-34,1;24,2;-9,9;
2025-08-29 17:45:00.0;-11,4;1;0;-34,1;23;-11,1;
2025-08-29 17:50:00.0;-12,1;1;0;-34,1;22,2;-11,9;
2025-08-29 17:55:00.0;-12,1;1;0;-34;22,1;-11,9;
2025-08-29 18:00:00.0;-12,7;1;0;-34,1;21,7;-12,5;
2025-08-29 18:05:00.0;-13,2;1;0;-34;21;-13;
2025-08-29 18:10:00.0;-13,4;1;0;-34,1;20,8;-13,3;
2025-08-29 18:15:00.0;-13,6;1;0;-33,9;20,5;-13,5;
2025-08-29 18:20:00.0;-13,7;1;0;-34,1;20,4;-13,6;
2025-08-29 18:25:00.0;-13,9;1;0;-33,9;20,2;-13,8;
2025-08-29 18:30:00.0;-14;1;0;-33,9;20;-13,9;
2025-08-29 18:35:00.0;-12,7;1;0;-34;20,9;-13,1;
2025-08-29 18:40:00.0;-12;1;0;-33,9;22;-12;
2025-08-29 18:45:00.0;-12,9;1;0;-34;21,3;-12,6;
2025-08-29 18:50:00.0;-13,5;1;0;-34;20,6;-13,3;
2025-08-29 18:55:00.0;-13,7;1;0;-34;20,4;-13,6;
2025-08-29 19:00:00.0;-13,9;1;0;-34;20,2;-13,8;
2025-08-29 19:05:00.0;-14,1;1;0;-34;20;-13,9;
2025-08-29 19:10:00.0;-14,2;1;0;-34,1;20;-14,1;
2025-08-29 19:15:00.0;-14,3;1;0;-33,9;19,7;-14,2;
2025-08-29 19:20:00.0;-14,4;1;0;-34,1;19,8;-14,3;
2025-08-29 19:25:00.0;-14,5;1;0;-33,9;19,5;-14,4;
2025-08-29 19:30:00.0;-14,5;1;0;-33,8;19,4;-14,5;
2025-08-29 19:35:00.0;-13,7;1;0;-33,9;19,8;-14,1;
2025-08-29 19:40:00.0;-12,5;1;0;-34;21,5;-12,4;
2025-08-29 19:45:00.0;-11,8;1;0;-34,1;22,3;-11,8;
2025-08-29 19:50:00.0;-11,2;1;0;-34;22,8;-11,2;
2025-08-29 19:55:00.0;-10,9;1;0;-34;23,2;-10,8;
2025-08-29 20:00:00.0;-9,3;1;0;-34;24,4;-9,6;
2025-08-29 20:05:00.0;-8,9;1;0;-34;24,9;-9;
2025-08-29 20:10:00.0;-8,4;1;0;-33,9;25,3;-8,6;
2025-08-29 20:15:00.0;-7,8;1;0;-33,9;26;-7,9;
2025-08-29 20:20:00.0;-7,1;1;0;-34;26,7;-7,2;
2025-08-29 20:25:00.0;-7,1;1;0;-34;26,9;-7,1;
2025-08-29 20:30:00.0;-7,8;1;0;-33,9;26,3;-7,6;
2025-08-29 20:35:00.0;-8,3;1;0;-34;26;-8;
2025-08-29 20:40:00.0;-8,4;1;0;-34,1;25,9;-8,2;
2025-08-29 20:45:00.0;-8,5;1;0;-34;25,8;-8,3;
2025-08-29 20:50:00.0;-8,4;1;0;-34,1;25,8;-8,3;
2025-08-29 20:55:00.0;-8,8;1;0;-34,1;25,5;-8,5;
2025-08-29 21:00:00.0;-10;1;0;-34,1;24,4;-9,7;
2025-08-29 21:05:00.0;-10,5;1;0;-34,1;23,8;-10,3;
2025-08-29 21:10:00.0;-11,2;1;0;-34,1;23;-11;
2025-08-29 21:15:00.0;-11,8;1;0;-34,1;22,4;-11,6;
2025-08-29 21:20:00.0;-12,2;1;0;-34;22;-12;
2025-08-29 21:25:00.0;-12,2;1;0;-34;21,9;-12,1;
2025-08-29 21:30:00.0;-12,7;1;0;-34;21,4;-12,6;
2025-08-29 21:35:00.0;-12,9;1;0;-34;21,2;-12,8;
2025-08-29 21:40:00.0;-13,1;1;0;-34;21;-13;
2025-08-29 21:45:00.0;-13,3;1;0;-34,1;20,9;-13,2;
2025-08-29 21:50:00.0;-12,1;1;0;-34;21,7;-12,3;
2025-08-29 21:55:00.0;-11,8;1;0;-34,1;22,4;-11,7;
2025-08-29 22:00:00.0;-12,5;1;0;-34,1;21,8;-12,3;
2025-08-29 22:05:00.0;-12,8;1;0;-34;21,4;-12,7;
2025-08-29 22:10:00.0;-13;1;0;-34,1;21,2;-12,9;
2025-08-29 22:15:00.0;-13,3;1;0;-34;20,8;-13,3;
2025-08-29 22:20:00.0;-13,2;1;0;-34;20,8;-13,2;
2025-08-29 22:25:00.0;-13,5;1;0;-34,1;20,7;-13,4;
2025-08-29 22:30:00.0;-13,6;1;0;-34;20,5;-13,5;
2025-08-29 22:35:00.0;-13,8;1;0;-34;20,4;-13,7;
2025-08-29 22:40:00.0;-13,8;1;0;-34;20,3;-13,8;
2025-08-29 22:45:00.0;-13,9;1;0;-34,1;20,2;-13,9;
2025-08-29 22:50:00.0;-14;1;0;-33,9;20;-13,9;
2025-08-29 22:55:00.0;-14,1;1;0;-34;20,1;-14;
2025-08-29 23:00:00.0;-14,2;1;0;-34,1;20;-14,1;
2025-08-29 23:05:00.0;-14,2;1;0;-34;19,9;-14,1;
2025-08-29 23:10:00.0;-14,2;1;0;-34;19,8;-14,2;
2025-08-29 23:15:00.0;-14,3;1;0;-34;19,8;-14,2;
2025-08-29 23:20:00.0;-14,3;1;0;-34,1;19,8;-14,3;
2025-08-29 23:25:00.0;-14,4;1;0;-34;19,7;-14,3;
2025-08-29 23:30:00.0;-14,4;1;0;-34;19,7;-14,3;
2025-08-29 23:35:00.0;-14,4;1;0;-34;19,7;-14,4;
2025-08-29 23:40:00.0;-14,4;1;0;-34,1;19,7;-14,4;
2025-08-29 23:45:00.0;-14,5;1;0;-34,1;19,6;-14,4;
2025-08-29 23:50:00.0;-14,5;1;0;-34,1;19,6;-14,4;
2025-08-29 23:55:00.0;-14,6;1;0;-34;19,5;-14,5;
2025-08-30 00:00:00.0;-14,5;1;0;-34;19,5;-14,5;
2025-08-30 00:05:00.0;-14,6;1;1;-34;19,5;-14,5;
2025-08-30 00:10:00.0;-13,7;0;1;-36,6;22;-14,6;
2025-08-30 00:15:00.0;-12,6;0;1;-34,4;21;-13,3;
2025-08-30 00:20:00.0;-11,9;0;1;-34,8;23;-11,7;
2025-08-30 00:25:00.0;-11,3;0;1;-33,1;22,9;-10,2;
2025-08-30 00:30:00.0;-9,2;0;1;-33,4;25,3;-8,1;
2025-08-30 00:35:00.0;-9,7;0;1;-33,5;26,3;-7,1;
2025-08-30 00:40:00.0;-8,6;0;1;-32,1;26,1;-6,1;
2025-08-30 00:45:00.0;-8,6;0;1;-33,3;27,8;-5,4;
2025-08-30 00:50:00.0;-8,2;0;1;-31,4;26,9;-4,5;
2025-08-30 00:55:00.0;-10,8;0;0;-35;33,5;-1,5;
2025-08-30 01:00:00.0;-11,2;1;0;-34,1;23,8;-10,4;
2025-08-30 01:05:00.0;-11,4;1;0;-34,1;23;-11;
2025-08-30 01:10:00.0;-11,4;1;0;-34,1;23;-11,1;
2025-08-30 01:15:00.0;-11,2;1;0;-34;23,1;-10,9;
2025-08-30 01:20:00.0;-10,7;1;0;-34;23,6;-10,4;
2025-08-30 01:25:00.0;-10,4;1;0;-33,9;23,7;-10,2;
2025-08-30 01:30:00.0;-10,2;1;0;-34,1;24,1;-10;
2025-08-30 01:35:00.0;-9,9;1;0;-34,1;24,5;-9,6;
2025-08-30 01:40:00.0;-9,6;1;0;-34;24,6;-9,4;
2025-08-30 01:45:00.0;-9,4;1;0;-34,1;24,7;-9,4;
2025-08-30 01:50:00.0;-10,8;1;0;-34,2;23,8;-10,4;
2025-08-30 01:55:00.0;-11,6;1;0;-34,1;22,8;-11,3;
2025-08-30 02:00:00.0;-12,2;1;0;-34,1;22,1;-12;
2025-08-30 02:05:00.0;-12,8;1;0;-34;21,4;-12,6;
2025-08-30 02:10:00.0;-13,1;1;0;-34;21,1;-13;
2025-08-30 02:15:00.0;-13,3;1;0;-34;20,8;-13,2;
2025-08-30 02:20:00.0;-13,5;1;0;-34;20,7;-13,4;
2025-08-30 02:25:00.0;-13,7;1;0;-34,1;20,5;-13,6;
2025-08-30 02:30:00.0;-13,9;1;0;-34;20,3;-13,7;
2025-08-30 02:35:00.0;-13,9;1;0;-34,1;20,2;-13,8;
2025-08-30 02:40:00.0;-14;1;0;-34;20,1;-13,9;
2025-08-30 02:45:00.0;-14,1;1;0;-34,1;20;-14;
2025-08-30 02:50:00.0;-13,9;1;0;-34;20,2;-13,8;
2025-08-30 02:55:00.0;-14,1;1;0;-34;20;-14;
2025-08-30 03:00:00.0;-14,2;1;0;-34,1;20;-14,1;
2025-08-30 03:05:00.0;-14,3;1;0;-34,1;19,9;-14,2;
2025-08-30 03:10:00.0;-14,4;1;0;-34;19,7;-14,3;
2025-08-30 03:15:00.0;-14,5;1;0;-34;19,7;-14,4;
2025-08-30 03:20:00.0;-14,5;1;0;-34;19,6;-14,4;
2025-08-30 03:25:00.0;-14,5;1;0;-34;19,6;-14,5;
2025-08-30 03:30:00.0;-14,6;1;0;-34,1;19,6;-14,5;
2025-08-30 03:35:00.0;-14,6;1;0;-34;19,4;-14,5;
2025-08-30 03:40:00.0;-14,7;1;0;-34;19,4;-14,6;
2025-08-30 03:45:00.0;-14,6;1;0;-34;19,4;-14,6;
2025-08-30 03:50:00.0;-14,4;1;0;-34;19,6;-14,3;
2025-08-30 03:55:00.0;-14,6;1;0;-34;19,5;-14,5;
2025-08-30 04:00:00.0;-14,7;1;0;-34,1;19,5;-14,7;
2025-08-30 04:05:00.0;-14,7;1;0;-33,9;19,3;-14,6;
2025-08-30 04:10:00.0;-14,4;1;0;-33,9;19,5;-14,4;
2025-08-30 04:15:00.0;-14,2;1;0;-34;19,8;-14,2;
2025-08-30 04:20:00.0;-14,1;1;0;-34;19,9;-14,1;
2025-08-30 04:25:00.0;-14,1;1;0;-34;19,9;-14;
2025-08-30 04:30:00.0;-14;1;0;-34;20;-13,9;
2025-08-30 04:35:00.0;-14;1;0;-33,9;20;-13,9;
2025-08-30 04:40:00.0;-14;1;0;-33,9;20;-13,9;
2025-08-30 04:45:00.0;-13,9;1;0;-34;20,1;-13,9;
2025-08-30 04:50:00.0;-14;1;0;-34,1;20,2;-13,9;
2025-08-30 04:55:00.0;-14,1;1;0;-34,1;20,1;-14;
2025-08-30 05:00:00.0;-14,3;1;0;-34,1;20;-14,1;
2025-08-30 05:05:00.0;-14,5;1;0;-34,1;19,7;-14,3;
2025-08-30 05:10:00.0;-14,7;1;0;-34;19,4;-14,5;
2025-08-30 05:15:00.0;-14,8;1;0;-34,2;19,5;-14,7;
2025-08-30 05:20:00.0;-14,9;1;0;-34,1;19,3;-14,8;
2025-08-30 05:25:00.0;-14,9;1;0;-34;19,1;-14,9;
2025-08-30 05:30:00.0;-15;1;0;-33,9;19;-14,9;
2025-08-30 05:35:00.0;-15,1;1;0;-33,9;18,9;-15;
2025-08-30 05:40:00.0;-15,1;1;0;-33,9;18,8;-15;
2025-08-30 05:45:00.0;-15,1;1;0;-34;19;-15,1;
2025-08-30 05:50:00.0;-14;1;0;-33,9;19,9;-14;
2025-08-30 05:55:00.0;-13,6;1;0;-33,9;20,5;-13,5;
2025-08-30 06:00:00.0;-13,1;1;0;-34;21,1;-12,9;
2025-08-30 06:05:00.0;-12,5;1;0;-33,9;21,6;-12,3;
2025-08-30 06:10:00.0;-12,1;1;0;-33,9;22;-11,9;
2025-08-30 06:15:00.0;-11,6;1;0;-34;22,7;-11,3;
2025-08-30 06:20:00.0;-11,3;1;0;-34;22,9;-11,1;
2025-08-30 06:25:00.0;-11,1;1;0;-34;23,1;-10,9;
2025-08-30 06:30:00.0;-10,9;1;0;-34;23,3;-10,7;
2025-08-30 06:35:00.0;-10,5;1;0;-34,1;23,9;-10,2;
2025-08-30 06:40:00.0;-11,8;1;0;-34;22,5;-11,5;
2025-08-30 06:45:00.0;-12,6;1;0;-34,1;21,7;-12,4;
2025-08-30 06:50:00.0;-13,2;1;0;-34,1;21,1;-13;
2025-08-30 06:55:00.0;-13,6;1;0;-34,1;20,7;-13,4;
2025-08-30 07:00:00.0;-14;1;0;-34,1;20,2;-13,8;
2025-08-30 07:05:00.0;-14,2;1;0;-34;20;-14;
2025-08-30 07:10:00.0;-14,3;1;0;-34,1;19,9;-14,2;
2025-08-30 07:15:00.0;-14,5;1;0;-34,1;19,7;-14,4;
2025-08-30 07:20:00.0;-14,6;1;0;-34;19,5;-14,5;
2025-08-30 07:25:00.0;-14,7;1;0;-34;19,3;-14,7;
2025-08-30 07:30:00.0;-14,8;1;0;-34,1;19,3;-14,7;
2025-08-30 07:35:00.0;-14,9;1;0;-34;19,2;-14,8;
2025-08-30 07:40:00.0;-15;1;0;-34;19,1;-14,9;
2025-08-30 07:45:00.0;-14,7;1;0;-34;19,4;-14,6;
2025-08-30 07:50:00.0;-14,8;1;0;-34;19,3;-14,7;
2025-08-30 07:55:00.0;-14,9;1;0;-34,1;19,3;-14,8;
2025-08-30 08:00:00.0;-14,4;1;0;-34,1;19,7;-14,4;
2025-08-30 08:05:00.0;-14,7;1;0;-33,9;19,4;-14,6;
2025-08-30 08:10:00.0;-14,3;1;0;-34,1;19,9;-14,2;
2025-08-30 08:15:00.0;-14,2;1;0;-34,1;20;-14,1;
2025-08-30 08:20:00.0;-13,6;1;0;-34,1;20,7;-13,4;
2025-08-30 08:25:00.0;-14,1;1;0;-33,9;20;-13,9;
2025-08-30 08:30:00.0;-14,5;1;0;-33,9;19,6;-14,3;
2025-08-30 08:35:00.0;-14,6;1;0;-33,9;19,4;-14,5;
2025-08-30 08:40:00.0;-13;1;0;-34;20,5;-13,4;
2025-08-30 08:45:00.0;-12,6;1;0;-33,9;21,5;-12,4;
2025-08-30 08:50:00.0;-13,2;1;0;-33,9;21;-13;
2025-08-30 08:55:00.0;-13,9;1;0;-34;20,3;-13,7;
2025-08-30 09:00:00.0;-14,1;1;0;-34;20;-14;
2025-08-30 09:05:00.0;-14,3;1;0;-33,9;19,8;-14,2;
2025-08-30 09:10:00.0;-14,5;1;0;-34,1;19,8;-14,3;
2025-08-30 09:15:00.0;-13,6;1;0;-34;20;-14;
2025-08-30 09:20:00.0;-10,7;1;0;-33,9;22,7;-11,2;
2025-08-30 09:25:00.0;-11,7;1;0;-33,9;22,6;-11,3;
2025-08-30 09:30:00.0;-11,7;1;0;-33,9;22,4;-11,5;
2025-08-30 09:35:00.0;-11,4;1;0;-34,1;22,9;-11,2;
2025-08-30 09:40:00.0;-8,6;1;0;-33,9;24,8;-9,2;
2025-08-30 09:45:00.0;-8;1;0;-33,9;25,6;-8,3;
2025-08-30 09:50:00.0;-9,4;1;0;-34,1;25;-9,1;
2025-08-30 09:55:00.0;-9,7;1;0;-34;24,6;-9,4;
2025-08-30 10:00:00.0;-9,8;1;0;-34;24,4;-9,5;
2025-08-30 10:05:00.0;-8,3;1;0;-34,1;25,8;-8,2;
2025-08-30 10:10:00.0;-9,8;1;0;-34;24,5;-9,4;
2025-08-30 10:15:00.0;-10,4;1;0;-34,1;23,8;-10,3;
2025-08-30 10:20:00.0;-10,8;1;0;-34;23,3;-10,8;
2025-08-30 10:25:00.0;-11,9;1;0;-33,9;22,2;-11,7;
2025-08-30 10:30:00.0;-12,5;1;0;-34,2;21,9;-12,3;
2025-08-30 10:35:00.0;-12,2;1;0;-34,1;21,7;-12,4;
2025-08-30 10:40:00.0;-11,8;1;0;-34;22,4;-11,6;
2025-08-30 10:45:00.0;-12,6;1;0;-33,9;21,5;-12,4;
2025-08-30 10:50:00.0;-13;1;0;-33,9;21,1;-12,8;
2025-08-30 10:55:00.0;-13,2;1;0;-34;20,9;-13,1;
2025-08-30 11:00:00.0;-13,4;1;0;-33,9;20,6;-13,4;
2025-08-30 11:05:00.0;-13,6;1;0;-34,1;20,6;-13,5;
2025-08-30 11:10:00.0;-13,8;1;0;-34;20,3;-13,8;
2025-08-30 11:15:00.0;-14;1;0;-34,1;20,2;-13,9;
2025-08-30 11:20:00.0;-14,1;1;0;-34;20;-14;
2025-08-30 11:25:00.0;-14,2;1;0;-34,1;20;-14,1;
2025-08-30 11:30:00.0;-14,3;1;0;-34,1;19,9;-14,2;
2025-08-30 11:35:00.0;-14,4;1;0;-33,9;19,6;-14,3;
2025-08-30 11:40:00.0;-14,4;1;0;-34;19,6;-14,4;
2025-08-30 11:45:00.0;-14,5;1;0;-33,9;19,5;-14,4;
2025-08-30 11:50:00.0;-14,5;1;0;-34,1;19,6;-14,4;
2025-08-30 11:55:00.0;-14,6;1;0;-34;19,4;-14,5;
2025-08-30 12:00:00.0;-14,6;1;0;-34,1;19,6;-14,6;
2025-08-30 12:05:00.0;-14,7;1;0;-34;19,4;-14,6;
2025-08-30 12:10:00.0;-14,2;0;1;-38;23,1;-14,8;
2025-08-30 12:15:00.0;-13,1;0;1;-35,1;21,2;-13,9;
2025-08-30 12:20:00.0;-12,1;0;1;-34,7;23,2;-11,5;
2025-08-30 12:25:00.0;-11,5;0;1;-33,2;23,2;-10;
2025-08-30 12:30:00.0;-10,8;0;1;-32,1;23,6;-8,5;
2025-08-30 12:35:00.0;-10,6;0;1;-33,1;25,6;-7,5;
2025-08-30 12:40:00.0;-9,7;0;1;-31,9;25,9;-6;
2025-08-30 12:45:00.0;-9,8;0;1;-32,6;27,3;-5,3;
2025-08-30 12:50:00.0;-9;0;1;-31,4;27;-4,4;
2025-08-30 12:55:00.0;-9,4;0;0;-26,6;25,3;-1,3;
2025-08-30 13:00:00.0;-12,4;1;0;-34,1;23,7;-10,5;
2025-08-30 13:05:00.0;-13,5;1;0;-34,1;21;-13,1;
2025-08-30 13:10:00.0;-13,8;1;0;-34,1;20,5;-13,6;
2025-08-30 13:15:00.0;-14,1;1;0;-34,1;20,2;-13,9;
2025-08-30 13:20:00.0;-14,3;1;0;-34;19,9;-14,1;
2025-08-30 13:25:00.0;-14,4;1;0;-34,1;19,8;-14,2;
2025-08-30 13:30:00.0;-14,5;1;0;-34;19,6;-14,4;
2025-08-30 13:35:00.0;-14,6;1;0;-34,1;19,6;-14,5;
2025-08-30 13:40:00.0;-14,7;1;0;-34;19,5;-14,6;
2025-08-30 13:45:00.0;-14,7;1;0;-34;19,4;-14,6;
2025-08-30 13:50:00.0;-13,8;1;0;-34;20,3;-13,8;
2025-08-30 13:55:00.0;-13,3;1;0;-34;20,8;-13,2;
2025-08-30 14:00:00.0;-12,9;1;0;-33,9;21,2;-12,7;
2025-08-30 14:05:00.0;-12,3;1;0;-34;21,8;-12,2;
2025-08-30 14:10:00.0;-11,4;1;0;-34;22,6;-11,3;
2025-08-30 14:15:00.0;-11,3;1;0;-33,9;22,9;-11,1;
2025-08-30 14:20:00.0;-10,5;1;0;-34;23,6;-10,4;
2025-08-30 14:25:00.0;-9,7;1;0;-34;24,3;-9,7;
2025-08-30 14:30:00.0;-10,2;1;0;-34;24,1;-10;
2025-08-30 14:35:00.0;-9,6;1;0;-33,9;24,2;-9,8;
2025-08-30 14:40:00.0;-10,2;1;0;-34,1;24,1;-10,1;
2025-08-30 14:45:00.0;-11,4;1;0;-34,1;23;-11,1;
2025-08-30 14:50:00.0;-12;1;0;-34;22,2;-11,9;
2025-08-30 14:55:00.0;-12,7;1;0;-34,2;21,7;-12,5;
2025-08-30 15:00:00.0;-13,1;1;0;-34;21,1;-12,9;
2025-08-30 15:05:00.0;-13,4;1;0;-33,9;20,7;-13,2;
2025-08-30 15:10:00.0;-13,6;1;0;-33,9;20,5;-13,5;
2025-08-30 15:15:00.0;-13,8;1;0;-34;20,3;-13,7;
2025-08-30 15:20:00.0;-14;1;0;-33,9;20;-13,9;
2025-08-30 15:25:00.0;-14,2;1;0;-34,1;20;-14;
2025-08-30 15:30:00.0;-14,2;1;0;-34;19,8;-14,1;
2025-08-30 15:35:00.0;-14,3;1;0;-34;19,7;-14,2;
2025-08-30 15:40:00.0;-14,4;1;0;-34,1;19,8;-14,3;
2025-08-30 15:45:00.0;-13,7;1;0;-33,9;19,8;-14;
2025-08-30 15:50:00.0;-12;1;0;-33,9;21,8;-12,2;
2025-08-30 15:55:00.0;-11,5;1;0;-34,1;22,5;-11,6;
2025-08-30 16:00:00.0;-11,3;1;0;-33,9;22,7;-11,2;
2025-08-30 16:05:00.0;-12,2;1;0;-34;22,1;-11,9;
2025-08-30 16:10:00.0;-12,8;1;0;-34;21,4;-12,6;
2025-08-30 16:15:00.0;-13,2;1;0;-34;20,9;-13;
2025-08-30 16:20:00.0;-13,5;1;0;-34;20,7;-13,4;
2025-08-30 16:25:00.0;-13,7;1;0;-34;20,4;-13,6;
2025-08-30 16:30:00.0;-14;1;0;-34;20,1;-13,9;
2025-08-30 16:35:00.0;-14,1;1;0;-34,2;20,2;-14;
2025-08-30 16:40:00.0;-14,2;1;0;-34;19,9;-14,1;
2025-08-30 16:45:00.0;-14,3;1;0;-33,9;19,7;-14,2;
2025-08-30 16:50:00.0;-14,4;1;0;-34;19,6;-14,3;
2025-08-30 16:55:00.0;-14,5;1;0;-33,9;19,5;-14,4;
2025-08-30 17:00:00.0;-14,5;1;0;-34;19,5;-14,5;
2025-08-30 17:05:00.0;-14,5;1;0;-33,9;19,5;-14,4;
2025-08-30 17:10:00.0;-14,6;1;0;-34;19,5;-14,5;
2025-08-30 17:15:00.0;-14,7;1;0;-34,1;19,5;-14,6;
2025-08-30 17:20:00.0;-14,7;1;0;-34;19,4;-14,6;
2025-08-30 17:25:00.0;-14,7;1;0;-34;19,3;-14,7;
2025-08-30 17:30:00.0;-14,8;1;0;-34,1;19,4;-14,7;
2025-08-30 17:35:00.0;-14,8;1;0;-33,9;19,2;-14,7;
2025-08-30 17:40:00.0;-14,9;1;0;-34;19,2;-14,8;
2025-08-30 17:45:00.0;-14,3;1;0;-34,1;19,8;-14,4;
2025-08-30 17:50:00.0;-13,7;1;0;-34;20,3;-13,6;
2025-08-30 17:55:00.0;-13,2;1;0;-33,9;20,8;-13,1;
2025-08-30 18:00:00.0;-12,4;1;0;-33,9;21,7;-12,2;
2025-08-30 18:05:00.0;-11,8;1;0;-33,9;22,2;-11,7;
2025-08-30 18:10:00.0;-11,5;1;0;-34;22,7;-11,3;
2025-08-30 18:15:00.0;-11,1;1;0;-34;23,1;-10,9;
2025-08-30 18:20:00.0;-10,9;1;0;-34;23,2;-10,7;
2025-08-30 18:25:00.0;-10,5;1;0;-34;23,6;-10,4;
2025-08-30 18:30:00.0;-10,4;1;0;-34;23,7;-10,3;
2025-08-30 18:35:00.0;-10,7;1;0;-34;23,6;-10,4;
2025-08-30 18:40:00.0;-11,8;1;0;-34;22,5;-11,5;
2025-08-30 18:45:00.0;-12,8;1;0;-34;21,4;-12,6;
2025-08-30 18:50:00.0;-13,2;1;0;-34;21;-13;
2025-08-30 18:55:00.0;-13,5;1;0;-34,1;20,7;-13,4;
2025-08-30 19:00:00.0;-13,7;1;0;-34,1;20,5;-13,6;
2025-08-30 19:05:00.0;-13,9;1;0;-34,1;20,3;-13,8;
2025-08-30 19:10:00.0;-14,2;1;0;-34,1;20;-14,1;
2025-08-30 19:15:00.0;-14,2;1;0;-34;19,8;-14,2;
2025-08-30 19:20:00.0;-14,3;1;0;-34;19,9;-14,1;
2025-08-30 19:25:00.0;-14,3;1;0;-34,1;19,8;-14,2;
2025-08-30 19:30:00.0;-14,5;1;0;-34,1;19,8;-14,4;
2025-08-30 19:35:00.0;-14,6;1;0;-34,1;19,6;-14,5;
2025-08-30 19:40:00.0;-14,6;1;0;-34;19,5;-14,5;
2025-08-30 19:45:00.0;-14,7;1;0;-34;19,4;-14,6;
2025-08-30 19:50:00.0;-14,4;1;0;-34;19,7;-14,4;
2025-08-30 19:55:00.0;-14,6;1;0;-34;19,5;-14,6;
2025-08-30 20:00:00.0;-14,7;1;0;-34;19,3;-14,7;
2025-08-30 20:05:00.0;-14,8;1;0;-34;19,3;-14,7;
2025-08-30 20:10:00.0;-14,9;1;0;-34;19,2;-14,8;
2025-08-30 20:15:00.0;-14,9;1;0;-34;19,2;-14,9;
2025-08-30 20:20:00.0;-15;1;0;-34,1;19,2;-14,9;
2025-08-30 20:25:00.0;-15;1;0;-34;19,1;-14,9;
2025-08-30 20:30:00.0;-13,1;1;0;-33,9;20,6;-13,3;
2025-08-30 20:35:00.0;-12,4;1;0;-34;21,5;-12,5;
2025-08-30 20:40:00.0;-11,8;1;0;-33,9;22,2;-11,8;
2025-08-30 20:45:00.0;-11,7;1;0;-34;22,3;-11,7;
2025-08-30 20:50:00.0;-12,1;1;0;-34;22,2;-11,9;
2025-08-30 20:55:00.0;-12,9;1;0;-33,9;21,3;-12,6;
2025-08-30 21:00:00.0;-13,5;1;0;-34;20,7;-13,3;
2025-08-30 21:05:00.0;-13,8;1;0;-34,1;20,4;-13,6;
2025-08-30 21:10:00.0;-14;1;0;-34,1;20,2;-13,9;
2025-08-30 21:15:00.0;-14,2;1;0;-34;20;-14,1;
2025-08-30 21:20:00.0;-14,1;1;0;-34;19,9;-14,1;
2025-08-30 21:25:00.0;-10,8;1;0;-33,9;22,2;-11,7;
2025-08-30 21:30:00.0;-9,1;1;0;-33,9;24,3;-9,7;
2025-08-30 21:35:00.0;-8,1;1;0;-33,9;25,4;-8,5;
2025-08-30 21:40:00.0;-9,5;1;0;-34;24,7;-9,3;
2025-08-30 21:45:00.0;-9,8;1;0;-34,1;24,6;-9,6;
2025-08-30 21:50:00.0;-9,8;1;0;-34;24,3;-9,6;
2025-08-30 21:55:00.0;-9,9;1;0;-34,1;24,5;-9,6;
2025-08-30 22:00:00.0;-9,8;1;0;-33,9;24,4;-9,5;
2025-08-30 22:05:00.0;-8,2;1;0;-33,9;25,4;-8,5;
2025-08-30 22:10:00.0;-9,1;1;0;-34;25,2;-8,8;
2025-08-30 22:15:00.0;-10,6;1;0;-34,1;23,8;-10,3;
2025-08-30 22:20:00.0;-11,5;1;0;-34,1;22,8;-11,2;
2025-08-30 22:25:00.0;-12,2;1;0;-34,1;22,1;-11,9;
2025-08-30 22:30:00.0;-12,6;1;0;-34,1;21,6;-12,5;
2025-08-30 22:35:00.0;-13,2;1;0;-34,1;21,1;-13;
2025-08-30 22:40:00.0;-13,4;1;0;-34,1;20,8;-13,3;
2025-08-30 22:45:00.0;-13,6;1;0;-34;20,5;-13,5;
2025-08-30 22:50:00.0;-13,8;1;0;-34;20,4;-13,7;
2025-08-30 22:55:00.0;-14;1;0;-34;20,1;-13,9;
2025-08-30 23:00:00.0;-14,1;1;0;-34;20;-14;
2025-08-30 23:05:00.0;-14,2;1;0;-34;19,9;-14,1;
2025-08-30 23:10:00.0;-14,3;1;0;-34,1;19,8;-14,2;
2025-08-30 23:15:00.0;-14,4;1;0;-34,1;19,8;-14,3;
2025-08-30 23:20:00.0;-14,5;1;0;-34,1;19,6;-14,4;
2025-08-30 23:25:00.0;-14,6;1;0;-34;19,5;-14,5;
2025-08-30 23:30:00.0;-14,6;1;0;-34;19,5;-14,5;
2025-08-30 23:35:00.0;-14,7;1;0;-34;19,4;-14,6;
2025-08-30 23:40:00.0;-14,8;1;0;-34;19,3;-14,7;
2025-08-30 23:45:00.0;-14,8;1;0;-34;19,3;-14,7;
2025-08-30 23:50:00.0;-14,8;1;0;-34,1;19,3;-14,8;
2025-08-30 23:55:00.0;-14,9;1;0;-34,1;19,3;-14,8;
2025-08-31 00:00:00.0;-14,9;1;0;-34;19,2;-14,8;
2025-08-31 00:05:00.0;-15;1;1;-34,7;19,9;-14,9;
2025-08-31 00:10:00.0;-14,4;1;1;-37,4;22,4;-15;
2025-08-31 00:15:00.0;-13,1;0;1;-34,8;20,9;-13,9;
2025-08-31 00:20:00.0;-12,2;0;1;-33,5;21,4;-12,2;
2025-08-31 00:25:00.0;-11,8;0;1;-33,9;23,3;-10,6;
2025-08-31 00:30:00.0;-10,6;0;1;-31,8;23,7;-8,2;
2025-08-31 00:35:00.0;-10,6;0;1;-33,3;26,1;-7,2;
2025-08-31 00:40:00.0;-10;0;1;-31,8;25,6;-6,1;
2025-08-31 00:45:00.0;-9,8;0;1;-33;27,6;-5,4;
2025-08-31 00:50:00.0;-9,4;0;1;-31,7;27,5;-4,2;
2025-08-31 00:55:00.0;-10,4;0;0;-29,3;36,8;7,6;
2025-08-31 01:00:00.0;-12,7;1;0;-34,2;23,2;-11;
2025-08-31 01:05:00.0;-13,5;1;0;-34,1;21,1;-13;
2025-08-31 01:10:00.0;-14;1;0;-34,1;20,5;-13,6;
2025-08-31 01:15:00.0;-14,3;1;0;-34;19,9;-14,1;
2025-08-31 01:20:00.0;-14,5;1;0;-34,1;19,8;-14,3;
2025-08-31 01:25:00.0;-14,6;1;0;-34,1;19,6;-14,4;
2025-08-31 01:30:00.0;-14,7;1;0;-34;19,5;-14,6;
2025-08-31 01:35:00.0;-14,8;1;0;-34;19,4;-14,7;
2025-08-31 01:40:00.0;-14,9;1;0;-34,1;19,3;-14,8;
2025-08-31 01:45:00.0;-14,9;1;0;-34;19,2;-14,8;
2025-08-31 01:50:00.0;-15;1;0;-34;19,1;-14,9;
2025-08-31 01:55:00.0;-15;1;0;-34;19,1;-14,9;
2025-08-31 02:00:00.0;-15;1;0;-34,1;19,1;-15;
2025-08-31 02:05:00.0;-15,1;1;0;-34,1;19,1;-15;
2025-08-31 02:10:00.0;-14,3;1;0;-34,1;19,7;-14,4;
2025-08-31 02:15:00.0;-13,8;1;0;-33,9;20,2;-13,7;
2025-08-31 02:20:00.0;-13,3;1;0;-33,9;20,7;-13,2;
2025-08-31 02:25:00.0;-12,6;1;0;-34;21,6;-12,4;
2025-08-31 02:30:00.0;-12;1;0;-33,9;22,1;-11,9;
2025-08-31 02:35:00.0;-11,7;1;0;-34;22,5;-11,5;
2025-08-31 02:40:00.0;-11,3;1;0;-33,9;22,9;-11,1;
2025-08-31 02:45:00.0;-10,8;1;0;-33,9;23,3;-10,7;
2025-08-31 02:50:00.0;-10,6;1;0;-33,9;23,5;-10,4;
2025-08-31 02:55:00.0;-10,5;1;0;-33,9;23,7;-10,3;
2025-08-31 03:00:00.0;-11,1;1;0;-34,1;23,3;-10,8;
2025-08-31 03:05:00.0;-12,2;1;0;-34,1;22,2;-11,9;
2025-08-31 03:10:00.0;-13,1;1;0;-34,1;21,2;-12,9;
2025-08-31 03:15:00.0;-13,5;1;0;-34;20,7;-13,3;
2025-08-31 03:20:00.0;-13,8;1;0;-34,1;20,4;-13,6;
2025-08-31 03:25:00.0;-14;1;0;-34,1;20,2;-13,9;
2025-08-31 03:30:00.0;-14,3;1;0;-34,1;19,9;-14,2;
2025-08-31 03:35:00.0;-14,4;1;0;-34;19,7;-14,3;
2025-08-31 03:40:00.0;-14,5;1;0;-34,1;19,6;-14,4;
2025-08-31 03:45:00.0;-14,7;1;0;-34,1;19,6;-14,5;
2025-08-31 03:50:00.0;-14,7;1;0;-34;19,4;-14,6;
2025-08-31 03:55:00.0;-14,9;1;0;-34;19,3;-14,7;
2025-08-31 04:00:00.0;-14,9;1;0;-34;19,2;-14,8;
2025-08-31 04:05:00.0;-14,8;1;0;-33,9;19,1;-14,8;
2025-08-31 04:10:00.0;-14,6;1;0;-33,9;19,4;-14,6;
2025-08-31 04:15:00.0;-14,3;1;0;-34;19,8;-14,2;
2025-08-31 04:20:00.0;-14,2;1;0;-34,1;19,9;-14,1;
2025-08-31 04:25:00.0;-14,2;1;0;-34;19,9;-14,1;
2025-08-31 04:30:00.0;-14,1;1;0;-34;19,9;-14;
2025-08-31 04:35:00.0;-14,1;1;0;-34;20;-14;
2025-08-31 04:40:00.0;-14;1;0;-34;20;-14;
2025-08-31 04:45:00.0;-14;1;0;-34;20;-13,9;
2025-08-31 04:50:00.0;-14;1;0;-33,9;20;-13,9;
2025-08-31 04:55:00.0;-14;1;0;-33,9;20;-13,9;
2025-08-31 05:00:00.0;-14,2;1;0;-34,1;20;-14,1;
2025-08-31 05:05:00.0;-14,2;1;0;-34,1;20;-14,1;
2025-08-31 05:10:00.0;-14,6;1;0;-34,1;19,7;-14,4;
2025-08-31 05:15:00.0;-14,7;1;0;-34;19,4;-14,6;
2025-08-31 05:20:00.0;-14,9;1;0;-34,1;19,3;-14,8;
2025-08-31 05:25:00.0;-15;1;0;-34,1;19,2;-14,9;
2025-08-31 05:30:00.0;-15,1;1;0;-33,9;18,9;-15;
2025-08-31 05:35:00.0;-15,1;1;0;-33,9;18,9;-15;
2025-08-31 05:40:00.0;-15,2;1;0;-34;19;-15,1;
2025-08-31 05:45:00.0;-15,2;1;0;-34;18,9;-15,1;
2025-08-31 05:50:00.0;-15,2;1;0;-33,9;18,7;-15,1;
2025-08-31 05:55:00.0;-15,3;1;0;-33,9;18,7;-15,2;
2025-08-31 06:00:00.0;-15,3;1;0;-33,9;18,7;-15,2;
2025-08-31 06:05:00.0;-15,3;1;0;-34;18,7;-15,2;
2025-08-31 06:10:00.0;-15,3;1;0;-34;18,8;-15,3;
2025-08-31 06:15:00.0;-15,3;1;0;-33,9;18,6;-15,3;
2025-08-31 06:20:00.0;-15,4;1;0;-34,1;18,8;-15,3;
2025-08-31 06:25:00.0;-15,4;1;0;-34,1;18,8;-15,3;
2025-08-31 06:30:00.0;-15,4;1;0;-33,9;18,6;-15,3;
2025-08-31 06:35:00.0;-15,4;1;0;-33,9;18,5;-15,3;
2025-08-31 06:40:00.0;-15,4;1;0;-34,1;18,7;-15,4;
2025-08-31 06:45:00.0;-15,5;1;0;-34,1;18,7;-15,4;
2025-08-31 06:50:00.0;-15,5;1;0;-34,1;18,7;-15,4;
2025-08-31 06:55:00.0;-15,5;1;0;-33,9;18,5;-15,4;
2025-08-31 07:00:00.0;-15,5;1;0;-33,9;18,5;-15,4;
2025-08-31 07:05:00.0;-15,5;1;0;-34;18,6;-15,4;
2025-08-31 07:10:00.0;-15,5;1;0;-33,9;18,5;-15,4;
2025-08-31 07:15:00.0;-15,5;1;0;-34,1;18,7;-15,5;
2025-08-31 07:20:00.0;-15,5;1;0;-33,9;18,5;-15,5;
2025-08-31 07:25:00.0;-15,6;1;0;-34,1;18,6;-15,5;
2025-08-31 07:30:00.0;-15,6;1;0;-34;18,5;-15,5;
2025-08-31 07:35:00.0;-15,6;1;0;-34;18,5;-15,5;
2025-08-31 07:40:00.0;-15,6;1;0;-34,1;18,5;-15,5;
2025-08-31 07:45:00.0;-15,6;1;0;-34;18,4;-15,5;
2025-08-31 07:50:00.0;-15,6;1;0;-34;18,5;-15,6;
2025-08-31 07:55:00.0;-15,6;1;0;-34;18,5;-15,6;
2025-08-31 08:00:00.0;-15,6;1;0;-33,9;18,4;-15,6;
2025-08-31 08:05:00.0;-15,7;1;0;-33,9;18,3;-15,6;
2025-08-31 08:10:00.0;-15,7;1;0;-33,9;18,3;-15,6;
2025-08-31 08:15:00.0;-15,6;1;0;-34,1;18,5;-15,6;
2025-08-31 08:20:00.0;-15,7;1;0;-34;18,4;-15,6;
2025-08-31 08:25:00.0;-15,7;1;0;-33,9;18,3;-15,6;
2025-08-31 08:30:00.0;-15,7;1;0;-33,9;18,3;-15,6;
2025-08-31 08:35:00.0;-15,7;1;0;-33,9;18,3;-15,6;
2025-08-31 08:40:00.0;-15,7;1;0;-34,1;18,4;-15,6;
2025-08-31 08:45:00.0;-14,7;1;0;-34,1;19,5;-14,6;
2025-08-31 08:50:00.0;-15,2;1;0;-33,9;18,8;-15,1;
2025-08-31 08:55:00.0;-15,3;1;0;-33,9;18,7;-15,2;
2025-08-31 09:00:00.0;-15,4;1;0;-34,1;18,8;-15,3;
2025-08-31 09:05:00.0;-15,5;1;0;-34;18,6;-15,4;
2025-08-31 09:10:00.0;-15,5;1;0;-33,9;18,5;-15,4;
2025-08-31 09:15:00.0;-15,6;1;0;-34;18,5;-15,5;
2025-08-31 09:20:00.0;-15,6;1;0;-34;18,5;-15,5;
2025-08-31 09:25:00.0;-15,6;1;0;-33,9;18,3;-15,5;
2025-08-31 09:30:00.0;-15,6;1;0;-34;18,4;-15,6;
2025-08-31 09:35:00.0;-15,7;1;0;-33,9;18,4;-15,6;
2025-08-31 09:40:00.0;-15,7;1;0;-34;18,5;-15,6;
2025-08-31 09:45:00.0;-15,7;1;0;-34;18,4;-15,6;
2025-08-31 09:50:00.0;-15,7;1;0;-34;18,4;-15,6;
2025-08-31 09:55:00.0;-15,7;1;0;-33,9;18,3;-15,6;
2025-08-31 10:00:00.0;-14,8;1;0;-34,1;19,5;-14,6;
2025-08-31 10:05:00.0;-15,1;1;0;-34;19,1;-15;
2025-08-31 10:10:00.0;-15,3;1;0;-34;18,8;-15,2;
2025-08-31 10:15:00.0;-15,3;1;0;-34,1;18,8;-15,3;
2025-08-31 10:20:00.0;-15,4;1;0;-34;18,7;-15,3;
2025-08-31 10:25:00.0;-15,4;1;0;-34,1;18,7;-15,4;
2025-08-31 10:30:00.0;-15,5;1;0;-34;18,6;-15,4;
2025-08-31 10:35:00.0;-15,5;1;0;-33,9;18,5;-15,4;
2025-08-31 10:40:00.0;-15,6;1;0;-33,9;18,4;-15,5;
2025-08-31 10:45:00.0;-15,6;1;0;-34;18,5;-15,5;
2025-08-31 10:50:00.0;-15,6;1;0;-34;18,5;-15,5;
2025-08-31 10:55:00.0;-15,6;1;0;-33,9;18,4;-15,5;
2025-08-31 11:00:00.0;-15,6;1;0;-34;18,5;-15,5;
2025-08-31 11:05:00.0;-15,6;1;0;-34;18,5;-15,6;
2025-08-31 11:10:00.0;-15,6;1;0;-34;18,4;-15,6;
2025-08-31 11:15:00.0;-15,6;1;0;-34,1;18,5;-15,6;
2025-08-31 11:20:00.0;-15,6;1;0;-34;18,5;-15,6;
2025-08-31 11:25:00.0;-15,6;1;0;-33,9;18,4;-15,6;
2025-08-31 11:30:00.0;-15,6;1;0;-34;18,5;-15,6;
2025-08-31 11:35:00.0;-15,6;1;0;-33,9;18,3;-15,6;
2025-08-31 11:40:00.0;-15,6;1;0;-33,9;18,3;-15,6;
2025-08-31 11:45:00.0;-15,6;1;0;-33,9;18,3;-15,6;
2025-08-31 11:50:00.0;-15,7;1;0;-33,9;18,3;-15,6;
2025-08-31 11:55:00.0;-15,6;1;0;-33,9;18,3;-15,6;
2025-08-31 12:00:00.0;-15,7;1;0;-33,9;18,3;-15,6;
2025-08-31 12:05:00.0;-15,7;1;0;-34;18,4;-15,6;
2025-08-31 12:10:00.0;-15,6;1;0;-33,9;18,3;-15,6;
2025-08-31 12:15:00.0;-15,5;1;0;-34,1;18,7;-15,4;
2025-08-31 12:20:00.0;-15,5;1;0;-34;18,5;-15,5;
2025-08-31 12:25:00.0;-15,5;1;0;-34;18,5;-15,5;
2025-08-31 12:30:00.0;-15,6;1;0;-34;18,4;-15,5;
2025-08-31 12:35:00.0;-15,6;1;0;-33,9;18,4;-15,6;
2025-08-31 12:40:00.0;-15,6;1;0;-34;18,4;-15,6;
2025-08-31 12:45:00.0;-15,6;1;0;-34,1;18,5;-15,6;
2025-08-31 12:50:00.0;-15,6;1;0;-33,9;18,4;-15,6;
2025-08-31 12:55:00.0;-15,6;1;0;-34,1;18,5;-15,6;
2025-08-31 13:00:00.0;-15,6;1;0;-34,1;18,5;-15,6;
2025-08-31 13:05:00.0;-15,7;1;0;-33,9;18,3;-15,6;
2025-08-31 13:10:00.0;-15,7;1;0;-33,9;18,3;-15,6;
2025-08-31 13:15:00.0;-15,7;1;0;-34,1;18,5;-15,6;
2025-08-31 13:20:00.0;-15,7;1;0;-34;18,3;-15,6;
2025-08-31 13:25:00.0;-15,7;1;0;-33,9;18,3;-15,6;
2025-08-31 13:30:00.0;-15,7;1;0;-34;18,4;-15,6;
2025-08-31 13:35:00.0;-15,6;1;0;-33,9;18,3;-15,6;
2025-08-31 13:40:00.0;-15,7;1;0;-34,1;18,5;-15,6;
2025-08-31 13:45:00.0;-15,7;1;0;-33,9;18,3;-15,6;
2025-08-31 13:50:00.0;0;1;0;0;0;0;
2025-08-31 13:55:00.0;-14,8;0;0;-28,9;13,9;-15;
2025-08-31 14:00:00.0;-14,2;0;0;-32,4;17,8;-14,6;
2025-08-31 14:05:00.0;-10,4;0;0;-26,6;12,6;-14;
2025-08-31 14:10:00.0;-11,5;1;0;-34,1;22,8;-11,3;
2025-08-31 14:15:00.0;-11,7;1;0;-34,1;22,6;-11,5;
2025-08-31 14:20:00.0;-11,6;1;0;-34;22,6;-11,4;
2025-08-31 14:25:00.0;-11,4;1;0;-34;22,8;-11,2;
2025-08-31 14:30:00.0;-11,2;1;0;-34,1;23,3;-10,9;
2025-08-31 14:35:00.0;-11;1;0;-34;23,3;-10,7;
2025-08-31 14:40:00.0;-10,8;1;0;-34;23,5;-10,6;
2025-08-31 14:45:00.0;-11,1;1;0;-34;23,2;-10,8;
2025-08-31 14:50:00.0;-12,3;1;0;-34,1;22,1;-12;
2025-08-31 14:55:00.0;-13,3;1;0;-34;21;-13;
2025-08-31 15:00:00.0;-13,8;1;0;-34;20,5;-13,5;
2025-08-31 15:05:00.0;-14,1;1;0;-34,1;20,2;-13,9;
2025-08-31 15:10:00.0;-14,3;1;0;-34;19,8;-14,1;
2025-08-31 15:15:00.0;-14,6;1;0;-33,9;19,5;-14,5;
2025-08-31 15:20:00.0;-14,8;1;0;-33,9;19,3;-14,7;
2025-08-31 15:25:00.0;-14,9;1;0;-34;19,3;-14,8;
2025-08-31 15:30:00.0;-15;1;0;-34;19,1;-14,9;
2025-08-31 15:35:00.0;-15,1;1;0;-34;19;-15;
2025-08-31 15:40:00.0;-15,2;1;0;-34,1;19;-15,1;
2025-08-31 15:45:00.0;-14,9;1;0;-33,9;19,2;-14,7;
2025-08-31 15:50:00.0;-15,1;1;0;-34;19;-15;
2025-08-31 15:55:00.0;-15,2;1;0;-34;18,9;-15,1;
2025-08-31 16:00:00.0;-15,3;1;0;-34;18,8;-15,2;
2025-08-31 16:05:00.0;-15,4;1;0;-34,1;18,9;-15,2;
2025-08-31 16:10:00.0;-15,4;1;0;-33,9;18,6;-15,3;
2025-08-31 16:15:00.0;-15,4;1;0;-34;18,7;-15,3;
2025-08-31 16:20:00.0;-15,5;1;0;-33,9;18,5;-15,3;
2025-08-31 16:25:00.0;-15,5;1;0;-34;18,6;-15,4;
2025-08-31 16:30:00.0;-15,5;1;0;-34,1;18,6;-15,4;
2025-08-31 16:35:00.0;-15,5;1;0;-33,9;18,4;-15,5;
2025-08-31 16:40:00.0;-15,5;1;0;-33,8;18,4;-15,4;
2025-08-31 16:45:00.0;-15,6;1;0;-34,1;18,6;-15,5;
2025-08-31 16:50:00.0;-15,6;1;0;-34;18,5;-15,5;
2025-08-31 16:55:00.0;-15,6;1;0;-33,9;18,3;-15,5;
2025-08-31 17:00:00.0;-15,6;1;0;-34,1;18,5;-15,6;
2025-08-31 17:05:00.0;-13,8;1;0;-33,9;19,7;-14,3;
2025-08-31 17:10:00.0;-12,5;1;0;-33,9;21,3;-12,6;
2025-08-31 17:15:00.0;-13,2;1;0;-34;21,2;-12,8;
2025-08-31 17:20:00.0;-13,9;1;0;-34,1;20,4;-13,6;
2025-08-31 17:25:00.0;-14,3;1;0;-34;19,9;-14,1;
2025-08-31 17:30:00.0;-14,6;1;0;-33,9;19,4;-14,5;
2025-08-31 17:35:00.0;-15;1;0;-34;19,2;-14,8;
2025-08-31 17:40:00.0;-15,1;1;0;-34;19;-15;
2025-08-31 17:45:00.0;-15,2;1;0;-34;19;-15,1;
2025-08-31 17:50:00.0;-14,9;1;0;-34;18,9;-15,1;
2025-08-31 17:55:00.0;-12,9;1;0;-34;21,2;-12,8;
2025-08-31 18:00:00.0;-13,8;1;0;-33,9;20,3;-13,6;
2025-08-31 18:05:00.0;-14,3;1;0;-34,1;20;-14,1;
2025-08-31 18:10:00.0;-14,6;1;0;-34;19,5;-14,4;
2025-08-31 18:15:00.0;-14,8;1;0;-34;19,3;-14,7;
2025-08-31 18:20:00.0;-15;1;0;-34,1;19,1;-14,9;
2025-08-31 18:25:00.0;-15,2;1;0;-34,1;19;-15,1;
2025-08-31 18:30:00.0;-15,3;1;0;-34;18,9;-15,1;
2025-08-31 18:35:00.0;-14,7;1;0;-34;18,9;-15;
2025-08-31 18:40:00.0;-13,9;1;0;-34;20,3;-13,7;
2025-08-31 18:45:00.0;-12,7;1;0;-33,9;20,9;-13;
2025-08-31 18:50:00.0;-12,3;1;0;-33,9;21,7;-12,3;
2025-08-31 18:55:00.0;-12;1;0;-34;22;-11,9;
2025-08-31 19:00:00.0;-11,9;1;0;-33,9;22,1;-11,8;
2025-08-31 19:05:00.0;-11,7;1;0;-33,9;22,3;-11,6;
2025-08-31 19:10:00.0;-11,7;1;0;-34;22,4;-11,6;
2025-08-31 19:15:00.0;-11,6;1;0;-33,9;22,4;-11,5;
2025-08-31 19:20:00.0;-11,6;1;0;-33,9;22,4;-11,5;
2025-08-31 19:25:00.0;-11,6;1;0;-34;22,5;-11,5;
2025-08-31 19:30:00.0;-11,5;1;0;-34;22,6;-11,4;
2025-08-31 19:35:00.0;-11,6;1;0;-34,1;22,6;-11,4;
2025-08-31 19:40:00.0;-11,5;1;0;-34;22,6;-11,4;
2025-08-31 19:45:00.0;-11,5;1;0;-34;22,6;-11,4;
2025-08-31 19:50:00.0;-11,5;1;0;-34;22,6;-11,4;
2025-08-31 19:55:00.0;-11,5;1;0;-34;22,7;-11,4;
2025-08-31 20:00:00.0;-11,5;1;0;-34;22,7;-11,4;
2025-08-31 20:05:00.0;-11,6;1;0;-34;22,7;-11,4;
2025-08-31 20:10:00.0;-12,4;1;0;-33,9;21,8;-12,2;
2025-08-31 20:15:00.0;-13,2;1;0;-34;21,1;-13;
2025-08-31 20:20:00.0;-13,5;1;0;-34,1;20,8;-13,3;
2025-08-31 20:25:00.0;-13,7;1;0;-34,1;20,5;-13,6;
2025-08-31 20:30:00.0;-13,9;1;0;-33,9;20,1;-13,8;
2025-08-31 20:35:00.0;-14,2;1;0;-34;19,9;-14,1;
2025-08-31 20:40:00.0;-14,3;1;0;-34;19,8;-14,2;
2025-08-31 20:45:00.0;-14,5;1;0;-34;19,7;-14,4;
2025-08-31 20:50:00.0;-14,6;1;0;-34,1;19,6;-14,5;
2025-08-31 20:55:00.0;-14,7;1;0;-34;19,4;-14,6;
2025-08-31 21:00:00.0;-14,8;1;0;-34;19,3;-14,7;
2025-08-31 21:05:00.0;-14,8;1;0;-34;19,2;-14,8;
2025-08-31 21:10:00.0;-14,9;1;0;-34,1;19,2;-14,8;
2025-08-31 21:15:00.0;-14,9;1;0;-34,1;19,2;-14,9;
2025-08-31 21:20:00.0;-15;1;0;-34,1;19,2;-14,9;
2025-08-31 21:25:00.0;-15,1;1;0;-34,1;19,1;-15;
2025-08-31 21:30:00.0;-15,1;1;0;-34;19;-15;
2025-08-31 21:35:00.0;-15,1;1;0;-34;19;-15,1;
2025-08-31 21:40:00.0;-15,1;1;0;-34;18,9;-15,1;
2025-08-31 21:45:00.0;-15,1;1;0;-34,1;18,9;-15,1;
2025-08-31 21:50:00.0;-15,2;1;0;-34;18,9;-15,1;
2025-08-31 21:55:00.0;-15,2;1;0;-34,1;18,9;-15,2;
2025-08-31 22:00:00.0;-15,2;1;0;-34,1;18,9;-15,2;
2025-08-31 22:05:00.0;-15,2;1;0;-34,1;18,9;-15,2;
2025-08-31 22:10:00.0;-15,2;1;0;-34,1;18,8;-15,2;
2025-08-31 22:15:00.0;-15,3;1;0;-34;18,7;-15,3;
2025-08-31 22:20:00.0;-15,3;1;0;-34;18,7;-15,3;
2025-08-31 22:25:00.0;-15,3;1;0;-34;18,7;-15,3;
2025-08-31 22:30:00.0;-15,3;1;0;-34;18,7;-15,3;
2025-08-31 22:35:00.0;-15,3;1;0;-34,1;18,8;-15,3;
2025-08-31 22:40:00.0;-15,3;1;0;-34,1;18,8;-15,3;
2025-08-31 22:45:00.0;-15,3;1;0;-33,9;18,6;-15,3;
2025-08-31 22:50:00.0;-15,3;1;0;-34;18,7;-15,3;
2025-08-31 22:55:00.0;-15,3;1;0;-34,1;18,7;-15,3;
2025-08-31 23:00:00.0;-15,2;1;0;-34;18,7;-15,3;
2025-08-31 23:05:00.0;-15,2;1;0;-33,9;18,7;-15,3;
2025-08-31 23:10:00.0;-15,2;1;0;-34,1;18,9;-15,3;
2025-08-31 23:15:00.0;-15,2;1;0;-34;18,7;-15,3;
2025-08-31 23:20:00.0;-15,2;1;0;-33,9;18,6;-15,3;
2025-08-31 23:25:00.0;-15,2;1;0;-34,1;18,9;-15,2;
2025-08-31 23:30:00.0;-15,3;1;0;-33,9;18,7;-15,3;
2025-08-31 23:35:00.0;-15,3;1;0;-34,1;18,9;-15,3;
2025-08-31 23:40:00.0;-15,2;1;0;-34,1;18,8;-15,3;
2025-08-31 23:45:00.0;-15,2;1;0;-33,9;18,7;-15,3;
2025-08-31 23:50:00.0;-15,2;1;0;-34;18,7;-15,3;
2025-08-31 23:55:00.0;-15,3;1;0;-34;18,7;-15,3;
